requirement_id,source_path,source_sha256,source_section,owner_handle,work_item,acceptance_condition,independent_oracle,candidate_commit,verification_status,evidence_absolute_path,room_event_reference,observed_at_utc,limitations,requirement_text,boundary_cases,observed_classes,untested_classes
S1-01,/Users/frank/mygit/Tablekeeper/challenge/tablekeeper/spec/stage-1.md,9460189eac83802ce158f16ee90989af728a489b32a6147e2dc8e320f383055f,# Tablekeeper — Stage 1: reservations,@frankzhu94/factory-backend,S1-IMPL,Every normative statement in requirement_text holds; independent exact-candidate review and official isolated stage gate pass.,"Q01: Observe 0.0.0.0 binding, health 200 {status:ok} <=60s, ordinary responses <=5s/reset <=10s; Docker RUN.md command actually builds/starts under 2CPU/2GiB. Inspect dependencies and private image runtime, never equate host success to isolation.",,NOT_TESTED,,20684b30-ebeb-4c24-a600-9cf274e1a7ac,,"Representative input classes and relationships only; no executable product candidate, exhaustive schedule or browser behavior observed.","# Tablekeeper — Stage 1: reservations

This stage defines the initial service and its API.

Build from the supplied requirements. Source code, API documentation and schemas from
existing products in this domain must not be used.

","[{""id"":""Q01"",""requirements"":[""S1-01"",""S1-03"",""S1-04"",""S1-05"",""S1-06"",""S1-07""],""checkpoint"":""S1 container first runnable"",""input_classes"":""Default PORT 8080 and explicit nondefault port; fresh unseeded boot; 50 simultaneous requests; runtime network unavailable."",""independent_oracle"":""Observe 0.0.0.0 binding, health 200 {status:ok} <=60s, ordinary responses <=5s/reset <=10s; Docker RUN.md command actually builds/starts under 2CPU/2GiB. Inspect dependencies and private image runtime, never equate host success to isolation."",""side_effect_oracle"":""No unexpected 5xx; separately record boot time, response latency, host vs isolated layer. No product runtime tests exist yet."",""status"":""NOT_TESTED""}]",None: planning only; product behavior NOT_TESTED,Q01: Default PORT 8080 and explicit nondefault port; fresh unseeded boot; 50 simultaneous requests; runtime network unavailable.
S1-02,/Users/frank/mygit/Tablekeeper/challenge/tablekeeper/spec/stage-1.md,9460189eac83802ce158f16ee90989af728a489b32a6147e2dc8e320f383055f,## 1. Scope,@frankzhu94/factory-backend,S1-IMPL,Every normative statement in requirement_text holds; independent exact-candidate review and official isolated stage gate pass.,"Q08: Independent overlap formula a.start<b.end AND b.start<a.end. Boundary equality is nonoverlap; grid anchored to opens, not midnight. 409 table_unavailable; 422 not_on_slot_grid; 422 outside_opening_hours; foreign/unknown table404. For overlaps of grid/opening/capacity errors not ordered by spec, avoid asserting invented priority.",,NOT_TESTED,,20684b30-ebeb-4c24-a600-9cf274e1a7ac,,"Representative input classes and relationships only; no executable product candidate, exhaustive schedule or browser behavior observed.","## 1. Scope

Diners can search restaurant availability, book a table and receive a confirmation
reference. They can cancel or amend their bookings, including changing several bookings
together. Each restaurant has its own table capacities, opening hours and cancellation policy.
Only the HTTP API is required.

Two `confirmed` reservations must never occupy the same table at overlapping times,
including during concurrent requests. Occupancy is the half-open interval
`[starts_at, starts_at + reservation_duration)`. A 90-minute booking at 19:00 therefore
does not overlap a booking starting at 20:30. Retries and rejected requests must not
create duplicate or partial bookings.

","[{""id"":""Q08"",""requirements"":[""S1-02"",""S1-18"",""S1-19"",""S1-23""],""checkpoint"":""S1 occupancy runnable"",""input_classes"":""Existing19:00..20:30 booking; candidate18:00..19:30 overlap,20:00..21:30 overlap,20:30..22:00 adjacency; off-grid18:15; final legal21:30 vs22:00; unknown/foreign restaurant table."",""independent_oracle"":""Independent overlap formula a.start<b.end AND b.start<a.end. Boundary equality is nonoverlap; grid anchored to opens, not midnight. 409 table_unavailable; 422 not_on_slot_grid; 422 outside_opening_hours; foreign/unknown table404. For overlaps of grid/opening/capacity errors not ordered by spec, avoid asserting invented priority."",""side_effect_oracle"":""Failed PATCH preserves old occupancy and reference/reservation_id; success atomically releases old and reserves new. Race 50 distinct-key creates on one interval yields exactly one201 and49 conflicts; no5xx."",""status"":""NOT_TESTED""}]",None: planning only; product behavior NOT_TESTED,"Q08: Existing19:00..20:30 booking; candidate18:00..19:30 overlap,20:00..21:30 overlap,20:30..22:00 adjacency; off-grid18:15; final legal21:30 vs22:00; unknown/foreign restaurant table."
S1-03,/Users/frank/mygit/Tablekeeper/challenge/tablekeeper/spec/stage-1.md,9460189eac83802ce158f16ee90989af728a489b32a6147e2dc8e320f383055f,## 2. Delivery and deployment,@frankzhu94/factory-backend,S1-IMPL,Every normative statement in requirement_text holds; independent exact-candidate review and official isolated stage gate pass.,"Q01: Observe 0.0.0.0 binding, health 200 {status:ok} <=60s, ordinary responses <=5s/reset <=10s; Docker RUN.md command actually builds/starts under 2CPU/2GiB. Inspect dependencies and private image runtime, never equate host success to isolation.",,NOT_TESTED,,20684b30-ebeb-4c24-a600-9cf274e1a7ac,,"Representative input classes and relationships only; no executable product candidate, exhaustive schedule or browser behavior observed.","## 2. Delivery and deployment

Deliver an HTTP service, a `Dockerfile` and a `RUN.md` with a command that builds and
starts the service without manual setup. Language, framework and storage are unrestricted.
A `docker-compose.yml` is optional.

The submission is a containerized HTTP service, not a Python package. Python is not
required in the implementation. TypeScript/JavaScript, Go, Rust, Java, Python and any
other language are equally valid. The harness builds the submitted `Dockerfile`, starts
the resulting image and tests only its HTTP behavior; it does not import or execute the
submission's source files on the judge host.

The image must run on its own with `-e PORT=<port>` and a port mapping. Runtime networking
has no outbound access. All runtime dependencies, initialization and seed data must work
within that single container. Compose configuration is not used to start the service.

","[{""id"":""Q01"",""requirements"":[""S1-01"",""S1-03"",""S1-04"",""S1-05"",""S1-06"",""S1-07""],""checkpoint"":""S1 container first runnable"",""input_classes"":""Default PORT 8080 and explicit nondefault port; fresh unseeded boot; 50 simultaneous requests; runtime network unavailable."",""independent_oracle"":""Observe 0.0.0.0 binding, health 200 {status:ok} <=60s, ordinary responses <=5s/reset <=10s; Docker RUN.md command actually builds/starts under 2CPU/2GiB. Inspect dependencies and private image runtime, never equate host success to isolation."",""side_effect_oracle"":""No unexpected 5xx; separately record boot time, response latency, host vs isolated layer. No product runtime tests exist yet."",""status"":""NOT_TESTED""}]",None: planning only; product behavior NOT_TESTED,Q01: Default PORT 8080 and explicit nondefault port; fresh unseeded boot; 50 simultaneous requests; runtime network unavailable.
S1-04,/Users/frank/mygit/Tablekeeper/challenge/tablekeeper/spec/stage-1.md,9460189eac83802ce158f16ee90989af728a489b32a6147e2dc8e320f383055f,### Resource limits,@frankzhu94/factory-backend,S1-IMPL,Every normative statement in requirement_text holds; independent exact-candidate review and official isolated stage gate pass.,"Q01: Observe 0.0.0.0 binding, health 200 {status:ok} <=60s, ordinary responses <=5s/reset <=10s; Docker RUN.md command actually builds/starts under 2CPU/2GiB. Inspect dependencies and private image runtime, never equate host success to isolation.",,NOT_TESTED,,20684b30-ebeb-4c24-a600-9cf274e1a7ac,,"Representative input classes and relationships only; no executable product candidate, exhaustive schedule or browser behavior observed.","### Resource limits

The service must operate within these limits:

| Limit | Value |
|---|---|
| CPU | 2 vCPU |
| Memory | 2 GiB |
| Start to first healthy response | 60 s |
| Concurrent requests | up to 50 in flight |
| Per-request timeout | 5 s (10 s for `POST /_test/reset`) |
| Outbound network | available during `docker build`, **none at run time** |
| Disk | ephemeral; state need not survive a container restart |

Runtime assets and dependencies must be included in the image. This includes fonts,
scripts and stylesheets; external services are unavailable at runtime.

","[{""id"":""Q01"",""requirements"":[""S1-01"",""S1-03"",""S1-04"",""S1-05"",""S1-06"",""S1-07""],""checkpoint"":""S1 container first runnable"",""input_classes"":""Default PORT 8080 and explicit nondefault port; fresh unseeded boot; 50 simultaneous requests; runtime network unavailable."",""independent_oracle"":""Observe 0.0.0.0 binding, health 200 {status:ok} <=60s, ordinary responses <=5s/reset <=10s; Docker RUN.md command actually builds/starts under 2CPU/2GiB. Inspect dependencies and private image runtime, never equate host success to isolation."",""side_effect_oracle"":""No unexpected 5xx; separately record boot time, response latency, host vs isolated layer. No product runtime tests exist yet."",""status"":""NOT_TESTED""}]",None: planning only; product behavior NOT_TESTED,Q01: Default PORT 8080 and explicit nondefault port; fresh unseeded boot; 50 simultaneous requests; runtime network unavailable.
S1-05,/Users/frank/mygit/Tablekeeper/challenge/tablekeeper/spec/stage-1.md,9460189eac83802ce158f16ee90989af728a489b32a6147e2dc8e320f383055f,## 3. Runtime contract,@frankzhu94/factory-backend,S1-IMPL,Every normative statement in requirement_text holds; independent exact-candidate review and official isolated stage gate pass.,"Q01: Observe 0.0.0.0 binding, health 200 {status:ok} <=60s, ordinary responses <=5s/reset <=10s; Docker RUN.md command actually builds/starts under 2CPU/2GiB. Inspect dependencies and private image runtime, never equate host success to isolation.",,NOT_TESTED,,20684b30-ebeb-4c24-a600-9cf274e1a7ac,,"Representative input classes and relationships only; no executable product candidate, exhaustive schedule or browser behavior observed.","## 3. Runtime contract

","[{""id"":""Q01"",""requirements"":[""S1-01"",""S1-03"",""S1-04"",""S1-05"",""S1-06"",""S1-07""],""checkpoint"":""S1 container first runnable"",""input_classes"":""Default PORT 8080 and explicit nondefault port; fresh unseeded boot; 50 simultaneous requests; runtime network unavailable."",""independent_oracle"":""Observe 0.0.0.0 binding, health 200 {status:ok} <=60s, ordinary responses <=5s/reset <=10s; Docker RUN.md command actually builds/starts under 2CPU/2GiB. Inspect dependencies and private image runtime, never equate host success to isolation."",""side_effect_oracle"":""No unexpected 5xx; separately record boot time, response latency, host vs isolated layer. No product runtime tests exist yet."",""status"":""NOT_TESTED""}]",None: planning only; product behavior NOT_TESTED,Q01: Default PORT 8080 and explicit nondefault port; fresh unseeded boot; 50 simultaneous requests; runtime network unavailable.
S1-06,/Users/frank/mygit/Tablekeeper/challenge/tablekeeper/spec/stage-1.md,9460189eac83802ce158f16ee90989af728a489b32a6147e2dc8e320f383055f,### 3.1 Listening,@frankzhu94/factory-backend,S1-IMPL,Every normative statement in requirement_text holds; independent exact-candidate review and official isolated stage gate pass.,"Q01: Observe 0.0.0.0 binding, health 200 {status:ok} <=60s, ordinary responses <=5s/reset <=10s; Docker RUN.md command actually builds/starts under 2CPU/2GiB. Inspect dependencies and private image runtime, never equate host success to isolation.",,NOT_TESTED,,20684b30-ebeb-4c24-a600-9cf274e1a7ac,,"Representative input classes and relationships only; no executable product candidate, exhaustive schedule or browser behavior observed.","### 3.1 Listening

Listen on `0.0.0.0` using the `PORT` environment variable, default `8080`.

","[{""id"":""Q01"",""requirements"":[""S1-01"",""S1-03"",""S1-04"",""S1-05"",""S1-06"",""S1-07""],""checkpoint"":""S1 container first runnable"",""input_classes"":""Default PORT 8080 and explicit nondefault port; fresh unseeded boot; 50 simultaneous requests; runtime network unavailable."",""independent_oracle"":""Observe 0.0.0.0 binding, health 200 {status:ok} <=60s, ordinary responses <=5s/reset <=10s; Docker RUN.md command actually builds/starts under 2CPU/2GiB. Inspect dependencies and private image runtime, never equate host success to isolation."",""side_effect_oracle"":""No unexpected 5xx; separately record boot time, response latency, host vs isolated layer. No product runtime tests exist yet."",""status"":""NOT_TESTED""}]",None: planning only; product behavior NOT_TESTED,Q01: Default PORT 8080 and explicit nondefault port; fresh unseeded boot; 50 simultaneous requests; runtime network unavailable.
S1-07,/Users/frank/mygit/Tablekeeper/challenge/tablekeeper/spec/stage-1.md,9460189eac83802ce158f16ee90989af728a489b32a6147e2dc8e320f383055f,### 3.2 Health,@frankzhu94/factory-backend,S1-IMPL,Every normative statement in requirement_text holds; independent exact-candidate review and official isolated stage gate pass.,"Q01: Observe 0.0.0.0 binding, health 200 {status:ok} <=60s, ordinary responses <=5s/reset <=10s; Docker RUN.md command actually builds/starts under 2CPU/2GiB. Inspect dependencies and private image runtime, never equate host success to isolation.",,NOT_TESTED,,20684b30-ebeb-4c24-a600-9cf274e1a7ac,,"Representative input classes and relationships only; no executable product candidate, exhaustive schedule or browser behavior observed.","### 3.2 Health

```http
GET /health  ->  200  {""status"": ""ok""}
```

Return 200 once the service and its data store can serve requests, within 60 seconds
of container start. Non-200 responses are permitted before the service is ready.

","[{""id"":""Q01"",""requirements"":[""S1-01"",""S1-03"",""S1-04"",""S1-05"",""S1-06"",""S1-07""],""checkpoint"":""S1 container first runnable"",""input_classes"":""Default PORT 8080 and explicit nondefault port; fresh unseeded boot; 50 simultaneous requests; runtime network unavailable."",""independent_oracle"":""Observe 0.0.0.0 binding, health 200 {status:ok} <=60s, ordinary responses <=5s/reset <=10s; Docker RUN.md command actually builds/starts under 2CPU/2GiB. Inspect dependencies and private image runtime, never equate host success to isolation."",""side_effect_oracle"":""No unexpected 5xx; separately record boot time, response latency, host vs isolated layer. No product runtime tests exist yet."",""status"":""NOT_TESTED""}]",None: planning only; product behavior NOT_TESTED,Q01: Default PORT 8080 and explicit nondefault port; fresh unseeded boot; 50 simultaneous requests; runtime network unavailable.
S1-08,/Users/frank/mygit/Tablekeeper/challenge/tablekeeper/spec/stage-1.md,9460189eac83802ce158f16ee90989af728a489b32a6147e2dc8e320f383055f,### 3.3 Reset and seed,@frankzhu94/factory-backend,S1-IMPL,Every normative statement in requirement_text holds; independent exact-candidate review and official isolated stage gate pass.,"Q02: After 204 only B visible, seeded password login works immediately; past creation permitted; closed day slots []; seed occupancy matches half-open oracle. ID 65 is invalid range under shared format rule when endpoint accepts it; do not invent invalid-reset semantics beyond specified rules.",,NOT_TESTED,,20684b30-ebeb-4c24-a600-9cf274e1a7ac,,"Representative input classes and relationships only; no executable product candidate, exhaustive schedule or browser behavior observed.","### 3.3 Reset and seed

```http
POST /_test/reset
Content-Type: application/json

{ ...fixture... }

->  204 No Content
```

Replace all service state with the fixture in the request body (§4). When reset returns
204, subsequent requests must see only that fixture. Repeated resets are supported.
This test endpoint must be enabled in the delivered image and requires no authentication.

","[{""id"":""Q02"",""requirements"":[""S1-08"",""S1-10"",""S1-11""],""checkpoint"":""S1 reset/auth runnable"",""input_classes"":""Fixture A then B then B; empty users/restaurants/reservations; opaque 64-character IDs; seeded confirmed past booking; restaurant absent weekday."",""independent_oracle"":""After 204 only B visible, seeded password login works immediately; past creation permitted; closed day slots []; seed occupancy matches half-open oracle. ID 65 is invalid range under shared format rule when endpoint accepts it; do not invent invalid-reset semantics beyond specified rules."",""side_effect_oracle"":""A credentials/tokens/receipts disappear; second B reset restores same fixture without accumulation."",""status"":""NOT_TESTED""}]",None: planning only; product behavior NOT_TESTED,Q02: Fixture A then B then B; empty users/restaurants/reservations; opaque 64-character IDs; seeded confirmed past booking; restaurant absent weekday.
S1-09,/Users/frank/mygit/Tablekeeper/challenge/tablekeeper/spec/stage-1.md,9460189eac83802ce158f16ee90989af728a489b32a6147e2dc8e320f383055f,### 3.4 Conventions,@frankzhu94/factory-backend,S1-IMPL,Every normative statement in requirement_text holds; independent exact-candidate review and official isolated stage gate pass.,"Q03: Wrong JSON type ->400 malformed_request except explicit endpoint overrides. Correct type invalid format/range ->422 validation_failed. Empty/missing required key ->400 missing_idempotency_key, 256 ->422; unknown fields ignored. Object parsing + authentication precede idempotency; otherwise unspecified cross-error precedence is not invented.",,NOT_TESTED,,20684b30-ebeb-4c24-a600-9cf274e1a7ac,,"Representative input classes and relationships only; no executable product candidate, exhaustive schedule or browser behavior observed.","### 3.4 Conventions

- Requests and responses are `application/json; charset=utf-8`.
- Timestamps in responses are RFC 3339 with an explicit offset, e.g. `2026-09-24T19:00:00+02:00`.
- Unknown fields in a request body are ignored, never an error.
- Unknown query parameters are ignored.
- IDs are opaque strings of at most 64 characters. Their format is yours. This limit
  also applies to IDs supplied in reset fixtures.

","[{""id"":""Q03"",""requirements"":[""S1-09"",""S1-12""],""checkpoint"":""S1 HTTP parser runnable"",""input_classes"":""Unparseable JSON; nonobject JSON; body string vs integer vs boolean vs null; unknown body/query field; response offsets/charset; ID length 64/65; key lengths 0,1,255,256."",""independent_oracle"":""Wrong JSON type ->400 malformed_request except explicit endpoint overrides. Correct type invalid format/range ->422 validation_failed. Empty/missing required key ->400 missing_idempotency_key, 256 ->422; unknown fields ignored. Object parsing + authentication precede idempotency; otherwise unspecified cross-error precedence is not invented."",""side_effect_oracle"":""Rejected writes leave records, occupancy and successful receipts unchanged; unknown fields still participate in parsed-body equality for replay."",""status"":""NOT_TESTED""}]",None: planning only; product behavior NOT_TESTED,"Q03: Unparseable JSON; nonobject JSON; body string vs integer vs boolean vs null; unknown body/query field; response offsets/charset; ID length 64/65; key lengths 0,1,255,256."
S1-10,/Users/frank/mygit/Tablekeeper/challenge/tablekeeper/spec/stage-1.md,9460189eac83802ce158f16ee90989af728a489b32a6147e2dc8e320f383055f,## 4. Model,@frankzhu94/factory-backend,S1-IMPL,Every normative statement in requirement_text holds; independent exact-candidate review and official isolated stage gate pass.,"Q02: After 204 only B visible, seeded password login works immediately; past creation permitted; closed day slots []; seed occupancy matches half-open oracle. ID 65 is invalid range under shared format rule when endpoint accepts it; do not invent invalid-reset semantics beyond specified rules.",,NOT_TESTED,,20684b30-ebeb-4c24-a600-9cf274e1a7ac,,"Representative input classes and relationships only; no executable product candidate, exhaustive schedule or browser behavior observed.","## 4. Model

Restaurants and tables are supplied through `POST /_test/reset` only. Restaurant and
table creation endpoints are out of scope.

| Field | On | Meaning |
|---|---|---|
| `timezone` | Restaurant | IANA zone name, e.g. `Europe/Berlin`. All of the restaurant's times are local to this |
| `slot_minutes` | Restaurant | Bookings start on a grid of this many minutes from opening time |
| `reservation_duration_minutes` | Restaurant | How long every reservation occupies its table |
| `cancellation_cutoff_minutes` | Restaurant | A booking cannot be cancelled or changed within this many minutes of its start |
| `opening_hours` | Restaurant | Per weekday. A day with no entry is closed |
| `capacity` | Table | Maximum party size |

","[{""id"":""Q02"",""requirements"":[""S1-08"",""S1-10"",""S1-11""],""checkpoint"":""S1 reset/auth runnable"",""input_classes"":""Fixture A then B then B; empty users/restaurants/reservations; opaque 64-character IDs; seeded confirmed past booking; restaurant absent weekday."",""independent_oracle"":""After 204 only B visible, seeded password login works immediately; past creation permitted; closed day slots []; seed occupancy matches half-open oracle. ID 65 is invalid range under shared format rule when endpoint accepts it; do not invent invalid-reset semantics beyond specified rules."",""side_effect_oracle"":""A credentials/tokens/receipts disappear; second B reset restores same fixture without accumulation."",""status"":""NOT_TESTED""}]",None: planning only; product behavior NOT_TESTED,Q02: Fixture A then B then B; empty users/restaurants/reservations; opaque 64-character IDs; seeded confirmed past booking; restaurant absent weekday.
S1-11,/Users/frank/mygit/Tablekeeper/challenge/tablekeeper/spec/stage-1.md,9460189eac83802ce158f16ee90989af728a489b32a6147e2dc8e320f383055f,### Fixture format,@frankzhu94/factory-backend,S1-IMPL,Every normative statement in requirement_text holds; independent exact-candidate review and official isolated stage gate pass.,"Q02: After 204 only B visible, seeded password login works immediately; past creation permitted; closed day slots []; seed occupancy matches half-open oracle. ID 65 is invalid range under shared format rule when endpoint accepts it; do not invent invalid-reset semantics beyond specified rules.",,NOT_TESTED,,20684b30-ebeb-4c24-a600-9cf274e1a7ac,,"Representative input classes and relationships only; no executable product candidate, exhaustive schedule or browser behavior observed.","### Fixture format

```json
{
  ""users"": [
    { ""id"": ""u_ada"", ""email"": ""ada@example.com"",
      ""password"": ""correct horse"", ""display_name"": ""Ada"" }
  ],
  ""restaurants"": [
    {
      ""id"": ""r_anker"",
      ""name"": ""Zum Anker"",
      ""timezone"": ""Europe/Berlin"",
      ""slot_minutes"": 30,
      ""reservation_duration_minutes"": 90,
      ""cancellation_cutoff_minutes"": 120,
      ""opening_hours"": [
        { ""weekday"": ""thu"", ""opens"": ""18:00"", ""closes"": ""23:00"" },
        { ""weekday"": ""fri"", ""opens"": ""18:00"", ""closes"": ""23:30"" }
      ],
      ""tables"": [
        { ""id"": ""t_1"", ""label"": ""1"", ""capacity"": 2 },
        { ""id"": ""t_2"", ""label"": ""2"", ""capacity"": 4 }
      ]
    }
  ],
  ""reservations"": []
}
```

- `weekday` is one of `mon tue wed thu fri sat sun`.
- `opens` and `closes` are local `HH:MM`, 24-hour. `closes` is always later than `opens` on the
  same local day — opening hours never cross midnight.
- Seeded users must be able to log in with the given password immediately.
- `reservations` may seed confirmed bookings, with the same fields as a `POST /reservations`
  body plus `id`, `reference` and `user_id`.

Fixtures may use any calendar date. A booking must not be rejected solely because its
start is in the past; the cancellation and amendment cutoff rules still apply.

","[{""id"":""Q02"",""requirements"":[""S1-08"",""S1-10"",""S1-11""],""checkpoint"":""S1 reset/auth runnable"",""input_classes"":""Fixture A then B then B; empty users/restaurants/reservations; opaque 64-character IDs; seeded confirmed past booking; restaurant absent weekday."",""independent_oracle"":""After 204 only B visible, seeded password login works immediately; past creation permitted; closed day slots []; seed occupancy matches half-open oracle. ID 65 is invalid range under shared format rule when endpoint accepts it; do not invent invalid-reset semantics beyond specified rules."",""side_effect_oracle"":""A credentials/tokens/receipts disappear; second B reset restores same fixture without accumulation."",""status"":""NOT_TESTED""}]",None: planning only; product behavior NOT_TESTED,Q02: Fixture A then B then B; empty users/restaurants/reservations; opaque 64-character IDs; seeded confirmed past booking; restaurant absent weekday.
S1-12,/Users/frank/mygit/Tablekeeper/challenge/tablekeeper/spec/stage-1.md,9460189eac83802ce158f16ee90989af728a489b32a6147e2dc8e320f383055f,## 5. Errors,@frankzhu94/factory-backend,S1-IMPL,Every normative statement in requirement_text holds; independent exact-candidate review and official isolated stage gate pass.,"Q03: Wrong JSON type ->400 malformed_request except explicit endpoint overrides. Correct type invalid format/range ->422 validation_failed. Empty/missing required key ->400 missing_idempotency_key, 256 ->422; unknown fields ignored. Object parsing + authentication precede idempotency; otherwise unspecified cross-error precedence is not invented. | Q04: party_size strings/booleans/nonintegers ->422 validation_failed (override 400); query decimal digits only (04 allowed), other representations ->422. starts_at_local malformed string ->422, nonstring ->400 except endpoint-specific override; impossible date ->422. capacity+1 ->party_exceeds_capacity.",,NOT_TESTED,,20684b30-ebeb-4c24-a600-9cf274e1a7ac,,"Representative input classes and relationships only; no executable product candidate, exhaustive schedule or browser behavior observed.","## 5. Errors

Every 4xx and 5xx response carries this body:

```json
{ ""error"": { ""code"": ""table_unavailable"", ""message"": ""human readable, any wording"" } }
```

Use the specified HTTP status and `code`. The human-readable `message` may use any wording.
Endpoint-specific errors are listed with each endpoint.

| Status | `code` | When |
|---|---|---|
| 400 | `malformed_request` | Unparseable body, or a field of the wrong JSON type |
| 400 | `missing_idempotency_key` | Required `Idempotency-Key` header absent or empty |
| 401 | `unauthenticated` | Missing, malformed or unknown bearer token |
| 403 | `forbidden` | Authenticated, but not permitted to touch this resource |
| 404 | `not_found` | No such resource, or not visible to this caller |
| 409 | `idempotency_key_reuse` | Key already used by this caller with a different request body |
| 422 | `validation_failed` | A required field or query parameter is missing, or a stated rule is violated with no more specific code |

A field of the correct JSON type with an invalid format or out-of-range value gives
422 `validation_failed`, unless an endpoint specifies a different error. This includes
invalid dates, negative counts and values exceeding a stated maximum or length. In addition:

- Endpoint-specific field rules take precedence: invalid `party_size` values (including strings
  and booleans) and `starts_at_local` strings that are not a bare local `YYYY-MM-DDTHH:MM` are
  422 `validation_failed`. Other wrong JSON types follow the rule below.
- An integer-valued **query parameter** is written as plain decimal digits: `1e9`, `4.0` and `+4`
  are 422 `validation_failed` whatever their numeric value.
- Reserve 400 `malformed_request` for a body that does not parse or a field of the wrong type.

Shared ranges, enforced on every endpoint that takes them:

| Field | Valid | Otherwise |
|---|---|---|
| `Idempotency-Key` | 1 to 255 characters | 422 `validation_failed` |

Requests must not produce 5xx responses, including under concurrent load.

","[{""id"":""Q03"",""requirements"":[""S1-09"",""S1-12""],""checkpoint"":""S1 HTTP parser runnable"",""input_classes"":""Unparseable JSON; nonobject JSON; body string vs integer vs boolean vs null; unknown body/query field; response offsets/charset; ID length 64/65; key lengths 0,1,255,256."",""independent_oracle"":""Wrong JSON type ->400 malformed_request except explicit endpoint overrides. Correct type invalid format/range ->422 validation_failed. Empty/missing required key ->400 missing_idempotency_key, 256 ->422; unknown fields ignored. Object parsing + authentication precede idempotency; otherwise unspecified cross-error precedence is not invented."",""side_effect_oracle"":""Rejected writes leave records, occupancy and successful receipts unchanged; unknown fields still participate in parsed-body equality for replay."",""status"":""NOT_TESTED""},{""id"":""Q04"",""requirements"":[""S1-12"",""S1-18"",""S1-19""],""checkpoint"":""S1 availability/create runnable"",""input_classes"":""party_size 0,-1,1,capacity,capacity+1,1.5,true,\""4\""; query 4,04,4.0,+4,1e9; date leap-valid 2028-02-29 vs 2026-02-29; local timestamp bare vs offset/Z/seconds/whitespace vs wrong JSON type."",""independent_oracle"":""party_size strings/booleans/nonintegers ->422 validation_failed (override 400); query decimal digits only (04 allowed), other representations ->422. starts_at_local malformed string ->422, nonstring ->400 except endpoint-specific override; impossible date ->422. capacity+1 ->party_exceeds_capacity."",""side_effect_oracle"":""Each rejection has required error body and no state/receipt claim. Include missing required query/body fields ->422."",""status"":""NOT_TESTED""}]",None: planning only; product behavior NOT_TESTED,"Q03: Unparseable JSON; nonobject JSON; body string vs integer vs boolean vs null; unknown body/query field; response offsets/charset; ID length 64/65; key lengths 0,1,255,256. | Q04: party_size 0,-1,1,capacity,capacity+1,1.5,true,""4""; query 4,04,4.0,+4,1e9; date leap-valid 2028-02-29 vs 2026-02-29; local timestamp bare vs offset/Z/seconds/whitespace vs wrong JSON type."
S1-13,/Users/frank/mygit/Tablekeeper/challenge/tablekeeper/spec/stage-1.md,9460189eac83802ce158f16ee90989af728a489b32a6147e2dc8e320f383055f,## 6. Authentication,@frankzhu94/factory-backend,S1-IMPL,Every normative statement in requirement_text holds; independent exact-candidate review and official isolated stage gate pass.,"Q05: Signup201/login200 and exact user/display identity; invalid signup422, duplicate409 email_taken, wrong login401. Public health/reset/auth/restaurants/detail/availability need no token. Tokens do not expire and old token remains valid after second login. Inspect hashing storage separately with conservative output.",,NOT_TESTED,,20684b30-ebeb-4c24-a600-9cf274e1a7ac,,"Representative input classes and relationships only; no executable product candidate, exhaustive schedule or browser behavior observed.","## 6. Authentication

Authentication supports signup and login. Email verification, password reset, refresh
tokens and role-management endpoints are out of scope. Permissions specified elsewhere
in these requirements still apply.

```http
POST /auth/signup
{ ""email"": ""a@example.com"", ""password"": ""correct horse"", ""display_name"": ""Ada"" }

->  201  { ""user_id"": ""u_1"", ""display_name"": ""Ada"", ""token"": ""..."" }
```

```http
POST /auth/login
{ ""email"": ""a@example.com"", ""password"": ""correct horse"" }

->  200  { ""user_id"": ""u_1"", ""display_name"": ""Ada"", ""token"": ""..."" }
```

| Case | Response |
|---|---|
| Email already registered | 409 `email_taken` |
| Password shorter than 8 characters | 422 `validation_failed` |
| `email` not of the form `local@domain` | 422 `validation_failed` |
| Wrong password or unknown email on login | 401 `unauthenticated` |

Every other endpoint requires a bearer token, except `/health`, `/_test/reset`, the two above, and
the three public endpoints named at the top of §8 — `GET /restaurants`, `GET /restaurants/{id}` and
`GET /availability`:

```http
Authorization: Bearer <token>
```

Tokens do not expire. An account may have multiple valid tokens and concurrent sessions.

Passwords must be stored using a password-hashing function such as bcrypt, scrypt or
Argon2, or an equivalent. Plaintext password storage is not permitted.

","[{""id"":""Q05"",""requirements"":[""S1-13""],""checkpoint"":""S1 auth runnable"",""input_classes"":""Password length 7 vs 8; email missing @ vs local@domain; duplicate signup, wrong password/unknown email; absent/malformed/unknown bearer; multiple concurrent login tokens."",""independent_oracle"":""Signup201/login200 and exact user/display identity; invalid signup422, duplicate409 email_taken, wrong login401. Public health/reset/auth/restaurants/detail/availability need no token. Tokens do not expire and old token remains valid after second login. Inspect hashing storage separately with conservative output."",""side_effect_oracle"":""No plaintext password persistence; do not log credential exports. Authentication tests are separate from owner-only history/decision/series exceptions in later stages."",""status"":""NOT_TESTED""}]",None: planning only; product behavior NOT_TESTED,"Q05: Password length 7 vs 8; email missing @ vs local@domain; duplicate signup, wrong password/unknown email; absent/malformed/unknown bearer; multiple concurrent login tokens."
S1-14,/Users/frank/mygit/Tablekeeper/challenge/tablekeeper/spec/stage-1.md,9460189eac83802ce158f16ee90989af728a489b32a6147e2dc8e320f383055f,## 7. Idempotency,@frankzhu94/factory-backend,S1-IMPL,Every normative statement in requirement_text holds; independent exact-candidate review and official isolated stage gate pass.,"Q06: Same JSON value ->one201 and remaining200 with deep-equal original receipt; different parsed value on same user/method/path ->409 idempotency_key_reuse before field/current-resource validation, including after reset fixture? Reset clears receipt, so then first use. Different path or user independent; failed4xx key reusable.",,NOT_TESTED,,20684b30-ebeb-4c24-a600-9cf274e1a7ac,,"Representative input classes and relationships only; no executable product candidate, exhaustive schedule or browser behavior observed.","## 7. Idempotency

Two write paths require an idempotency key: **`POST /reservations`** (§8) and
**`POST /reservation-moves`** (§11).

```http
Idempotency-Key: <client-chosen string, 1..255 characters>
```

The key is scoped to **the authenticated user**. Two different users may use the same key string
with no interaction between them.

A replay means the same user sending the **same method, the same path and the same body**. The
same key with the same body on a different path is a different request, not a replay, and must
succeed normally.

After the body has been parsed as a JSON object and the caller authenticated, idempotency
is resolved before endpoint-specific field validation or current-resource checks. Thus a
used key with a different JSON body returns `409 idempotency_key_reuse` even when that new
body would otherwise be invalid.

| Situation | Response |
|---|---|
| Header absent or empty | 400 `missing_idempotency_key` |
| First use of the key | The normal response, **201** |
| Replay: same key, same body | **200**, body identical to the original response as a JSON value |
| Same key, different body | 409 `idempotency_key_reuse` |
| Key reused after the original request failed with 4xx | Treated as a first use |

""Same body"" means the same JSON value after parsing — key order and whitespace do not matter.

For concurrent identical requests with an unused key, exactly one returns 201.
The others return 200 with the same body. The operation takes effect only once.

A successful replay returns the original response, even after the resource changes or
is cancelled. It makes no further state changes.

","[{""id"":""Q06"",""requirements"":[""S1-14""],""checkpoint"":""S1 create/moves runnable"",""input_classes"":""Identical parsed object with reordered keys/whitespace; ignored unknown field changes; used key with invalid new party; successful replay after cancel/amend; failed4xx then corrected body same key; same key two users/two paths; 50 identical concurrent submissions."",""independent_oracle"":""Same JSON value ->one201 and remaining200 with deep-equal original receipt; different parsed value on same user/method/path ->409 idempotency_key_reuse before field/current-resource validation, including after reset fixture? Reset clears receipt, so then first use. Different path or user independent; failed4xx key reusable."",""side_effect_oracle"":""Exactly one operation/reference/history change; replay no state changes; immutable original receipt survives cancellation and import. Different-key competing occupancy separately tested."",""status"":""NOT_TESTED""}]",None: planning only; product behavior NOT_TESTED,Q06: Identical parsed object with reordered keys/whitespace; ignored unknown field changes; used key with invalid new party; successful replay after cancel/amend; failed4xx then corrected body same key; same key two users/two paths; 50 identical concurrent submissions.
S1-15,/Users/frank/mygit/Tablekeeper/challenge/tablekeeper/spec/stage-1.md,9460189eac83802ce158f16ee90989af728a489b32a6147e2dc8e320f383055f,## 8. API,@frankzhu94/factory-backend,S1-IMPL,Every normative statement in requirement_text holds; independent exact-candidate review and official isolated stage gate pass.,"Q07: Eight local slots [18:00,18:30,19:00,19:30,20:00,20:30,21:00,21:30], count=8; 21:30 ends exactly23:00 and is included; 22:00 excluded (end23:30). Additional non-midnight opening control: [18:10,18:40,19:10], count=3; 19:10 ends exactly20:10 and is included, 19:40 excluded (end20:40). Derive independently with m=opens+k*grid and m+duration<=closes. Capacity exactly party allowed; IDs in fixture order; slot with no eligible tables retained, closed day slots[]; unknown detail404.",,NOT_TESTED,,20684b30-ebeb-4c24-a600-9cf274e1a7ac,,"Representative input classes and relationships only; no executable product candidate, exhaustive schedule or browser behavior observed.","## 8. API

`GET /restaurants`, `GET /restaurants/{id}` and `GET /availability` are **public** — no bearer
token. Everything else needs one. Diners browse before they sign in.

","[{""id"":""Q07"",""requirements"":[""S1-15"",""S1-16"",""S1-17"",""S1-18""],""checkpoint"":""S1 public browsing runnable"",""input_classes"":""Known vs unknown restaurant; capacities2,4 in fixture order; opening18:00 closing23:00 grid30 duration90; empty capacity result vs closed weekday. Additional opening-anchored control: opens18:10 closes20:10 grid30 duration60; last valid19:10 vs adjacent19:40."",""independent_oracle"":""Eight local slots [18:00,18:30,19:00,19:30,20:00,20:30,21:00,21:30], count=8; 21:30 ends exactly23:00 and is included; 22:00 excluded (end23:30). Additional non-midnight opening control: [18:10,18:40,19:10], count=3; 19:10 ends exactly20:10 and is included, 19:40 excluded (end20:40). Derive independently with m=opens+k*grid and m+duration<=closes. Capacity exactly party allowed; IDs in fixture order; slot with no eligible tables retained, closed day slots[]; unknown detail404."",""side_effect_oracle"":""Public reads unchanged state; compare fixture detail exactly, including original configuration after later policies."",""status"":""NOT_TESTED""}]",None: planning only; product behavior NOT_TESTED,"Q07: Known vs unknown restaurant; capacities2,4 in fixture order; opening18:00 closing23:00 grid30 duration90; empty capacity result vs closed weekday. Additional opening-anchored control: opens18:10 closes20:10 grid30 duration60; last valid19:10 vs adjacent19:40."
S1-16,/Users/frank/mygit/Tablekeeper/challenge/tablekeeper/spec/stage-1.md,9460189eac83802ce158f16ee90989af728a489b32a6147e2dc8e320f383055f,### `GET /restaurants`,@frankzhu94/factory-backend,S1-IMPL,Every normative statement in requirement_text holds; independent exact-candidate review and official isolated stage gate pass.,"Q07: Eight local slots [18:00,18:30,19:00,19:30,20:00,20:30,21:00,21:30], count=8; 21:30 ends exactly23:00 and is included; 22:00 excluded (end23:30). Additional non-midnight opening control: [18:10,18:40,19:10], count=3; 19:10 ends exactly20:10 and is included, 19:40 excluded (end20:40). Derive independently with m=opens+k*grid and m+duration<=closes. Capacity exactly party allowed; IDs in fixture order; slot with no eligible tables retained, closed day slots[]; unknown detail404.",,NOT_TESTED,,20684b30-ebeb-4c24-a600-9cf274e1a7ac,,"Representative input classes and relationships only; no executable product candidate, exhaustive schedule or browser behavior observed.","### `GET /restaurants`

```json
{ ""restaurants"": [ { ""id"": ""r_anker"", ""name"": ""Zum Anker"", ""timezone"": ""Europe/Berlin"" } ] }
```

","[{""id"":""Q07"",""requirements"":[""S1-15"",""S1-16"",""S1-17"",""S1-18""],""checkpoint"":""S1 public browsing runnable"",""input_classes"":""Known vs unknown restaurant; capacities2,4 in fixture order; opening18:00 closing23:00 grid30 duration90; empty capacity result vs closed weekday. Additional opening-anchored control: opens18:10 closes20:10 grid30 duration60; last valid19:10 vs adjacent19:40."",""independent_oracle"":""Eight local slots [18:00,18:30,19:00,19:30,20:00,20:30,21:00,21:30], count=8; 21:30 ends exactly23:00 and is included; 22:00 excluded (end23:30). Additional non-midnight opening control: [18:10,18:40,19:10], count=3; 19:10 ends exactly20:10 and is included, 19:40 excluded (end20:40). Derive independently with m=opens+k*grid and m+duration<=closes. Capacity exactly party allowed; IDs in fixture order; slot with no eligible tables retained, closed day slots[]; unknown detail404."",""side_effect_oracle"":""Public reads unchanged state; compare fixture detail exactly, including original configuration after later policies."",""status"":""NOT_TESTED""}]",None: planning only; product behavior NOT_TESTED,"Q07: Known vs unknown restaurant; capacities2,4 in fixture order; opening18:00 closing23:00 grid30 duration90; empty capacity result vs closed weekday. Additional opening-anchored control: opens18:10 closes20:10 grid30 duration60; last valid19:10 vs adjacent19:40."
S1-17,/Users/frank/mygit/Tablekeeper/challenge/tablekeeper/spec/stage-1.md,9460189eac83802ce158f16ee90989af728a489b32a6147e2dc8e320f383055f,### `GET /restaurants/{id}`,@frankzhu94/factory-backend,S1-IMPL,Every normative statement in requirement_text holds; independent exact-candidate review and official isolated stage gate pass.,"Q07: Eight local slots [18:00,18:30,19:00,19:30,20:00,20:30,21:00,21:30], count=8; 21:30 ends exactly23:00 and is included; 22:00 excluded (end23:30). Additional non-midnight opening control: [18:10,18:40,19:10], count=3; 19:10 ends exactly20:10 and is included, 19:40 excluded (end20:40). Derive independently with m=opens+k*grid and m+duration<=closes. Capacity exactly party allowed; IDs in fixture order; slot with no eligible tables retained, closed day slots[]; unknown detail404.",,NOT_TESTED,,20684b30-ebeb-4c24-a600-9cf274e1a7ac,,"Representative input classes and relationships only; no executable product candidate, exhaustive schedule or browser behavior observed.","### `GET /restaurants/{id}`

The restaurant with its `slot_minutes`, `reservation_duration_minutes`,
`cancellation_cutoff_minutes`, `opening_hours` and `tables`, in the fixture's shape. 404 if
unknown.

","[{""id"":""Q07"",""requirements"":[""S1-15"",""S1-16"",""S1-17"",""S1-18""],""checkpoint"":""S1 public browsing runnable"",""input_classes"":""Known vs unknown restaurant; capacities2,4 in fixture order; opening18:00 closing23:00 grid30 duration90; empty capacity result vs closed weekday. Additional opening-anchored control: opens18:10 closes20:10 grid30 duration60; last valid19:10 vs adjacent19:40."",""independent_oracle"":""Eight local slots [18:00,18:30,19:00,19:30,20:00,20:30,21:00,21:30], count=8; 21:30 ends exactly23:00 and is included; 22:00 excluded (end23:30). Additional non-midnight opening control: [18:10,18:40,19:10], count=3; 19:10 ends exactly20:10 and is included, 19:40 excluded (end20:40). Derive independently with m=opens+k*grid and m+duration<=closes. Capacity exactly party allowed; IDs in fixture order; slot with no eligible tables retained, closed day slots[]; unknown detail404."",""side_effect_oracle"":""Public reads unchanged state; compare fixture detail exactly, including original configuration after later policies."",""status"":""NOT_TESTED""}]",None: planning only; product behavior NOT_TESTED,"Q07: Known vs unknown restaurant; capacities2,4 in fixture order; opening18:00 closing23:00 grid30 duration90; empty capacity result vs closed weekday. Additional opening-anchored control: opens18:10 closes20:10 grid30 duration60; last valid19:10 vs adjacent19:40."
S1-18,/Users/frank/mygit/Tablekeeper/challenge/tablekeeper/spec/stage-1.md,9460189eac83802ce158f16ee90989af728a489b32a6147e2dc8e320f383055f,### `GET /availability`,@frankzhu94/factory-backend,S1-IMPL,Every normative statement in requirement_text holds; independent exact-candidate review and official isolated stage gate pass.,"Q04: party_size strings/booleans/nonintegers ->422 validation_failed (override 400); query decimal digits only (04 allowed), other representations ->422. starts_at_local malformed string ->422, nonstring ->400 except endpoint-specific override; impossible date ->422. capacity+1 ->party_exceeds_capacity. | Q07: Eight local slots [18:00,18:30,19:00,19:30,20:00,20:30,21:00,21:30], count=8; 21:30 ends exactly23:00 and is included; 22:00 excluded (end23:30). Additional non-midnight opening control: [18:10,18:40,19:10], count=3; 19:10 ends exactly20:10 and is included, 19:40 excluded (end20:40). Derive independently with m=opens+k*grid and m+duration<=closes. Capacity exactly party allowed; IDs in fixture order; slot with no eligible tables retained, closed day slots[]; unknown detail404. | Q08: Independent overlap formula a.start<b.end AND b.start<a.end. Boundary equality is nonoverlap; grid anchored to opens, not midnight. 409 table_unavailable; 422 not_on_slot_grid; 422 outside_opening_hours; foreign/unknown table404. For overlaps of grid/opening/capacity errors not ordered by spec, avoid asserting invented priority. | Q10: Hand-computed UTC: Berlin fall02:30+02=00:30Z, end02:00Z=03:00+01; NY fall01:30-04=05:30Z, end07:00Z=02:00-05. Berlin spring01:30+01=00:30Z, end02:00Z=04:00+02. Gap never listed and booking422 invalid_local_time; repeated local label appears once, first occurrence only. For unique valid opening/closing endpoints, local opening-grid candidate starts are resolved first, skipped starts omitted, duration added in UTC, absolute end<=closing instant. Berlin spring control only[01:00]; NY fold control[00:30,01:00,01:30].",,NOT_TESTED,,20684b30-ebeb-4c24-a600-9cf274e1a7ac,,"Representative input classes and relationships only; no executable product candidate, exhaustive schedule or browser behavior observed.","### `GET /availability`

```http
GET /availability?restaurant_id=r_anker&date=2026-09-24&party_size=4
```

All three parameters are required; a missing one is 422 `validation_failed`. `date` is a local
calendar date at the restaurant.

```json
{
  ""restaurant_id"": ""r_anker"",
  ""date"": ""2026-09-24"",
  ""timezone"": ""Europe/Berlin"",
  ""slots"": [
    { ""starts_at_local"": ""2026-09-24T18:00"",
      ""starts_at"": ""2026-09-24T18:00:00+02:00"",
      ""available_table_ids"": [""t_2""] }
  ]
}
```

`starts_at_local` is the full `YYYY-MM-DDTHH:MM` and goes into `POST /reservations` unchanged.

A slot appears for every `slot_minutes` step from `opens` such that
`slot + reservation_duration_minutes <= closes`. `available_table_ids` lists the tables of that
restaurant with `capacity >= party_size` and no overlapping confirmed reservation, in fixture
order. A slot with no available table still appears, with an empty list.

A closed day returns `""slots"": []`.

","[{""id"":""Q04"",""requirements"":[""S1-12"",""S1-18"",""S1-19""],""checkpoint"":""S1 availability/create runnable"",""input_classes"":""party_size 0,-1,1,capacity,capacity+1,1.5,true,\""4\""; query 4,04,4.0,+4,1e9; date leap-valid 2028-02-29 vs 2026-02-29; local timestamp bare vs offset/Z/seconds/whitespace vs wrong JSON type."",""independent_oracle"":""party_size strings/booleans/nonintegers ->422 validation_failed (override 400); query decimal digits only (04 allowed), other representations ->422. starts_at_local malformed string ->422, nonstring ->400 except endpoint-specific override; impossible date ->422. capacity+1 ->party_exceeds_capacity."",""side_effect_oracle"":""Each rejection has required error body and no state/receipt claim. Include missing required query/body fields ->422."",""status"":""NOT_TESTED""},{""id"":""Q07"",""requirements"":[""S1-15"",""S1-16"",""S1-17"",""S1-18""],""checkpoint"":""S1 public browsing runnable"",""input_classes"":""Known vs unknown restaurant; capacities2,4 in fixture order; opening18:00 closing23:00 grid30 duration90; empty capacity result vs closed weekday. Additional opening-anchored control: opens18:10 closes20:10 grid30 duration60; last valid19:10 vs adjacent19:40."",""independent_oracle"":""Eight local slots [18:00,18:30,19:00,19:30,20:00,20:30,21:00,21:30], count=8; 21:30 ends exactly23:00 and is included; 22:00 excluded (end23:30). Additional non-midnight opening control: [18:10,18:40,19:10], count=3; 19:10 ends exactly20:10 and is included, 19:40 excluded (end20:40). Derive independently with m=opens+k*grid and m+duration<=closes. Capacity exactly party allowed; IDs in fixture order; slot with no eligible tables retained, closed day slots[]; unknown detail404."",""side_effect_oracle"":""Public reads unchanged state; compare fixture detail exactly, including original configuration after later policies."",""status"":""NOT_TESTED""},{""id"":""Q08"",""requirements"":[""S1-02"",""S1-18"",""S1-19"",""S1-23""],""checkpoint"":""S1 occupancy runnable"",""input_classes"":""Existing19:00..20:30 booking; candidate18:00..19:30 overlap,20:00..21:30 overlap,20:30..22:00 adjacency; off-grid18:15; final legal21:30 vs22:00; unknown/foreign restaurant table."",""independent_oracle"":""Independent overlap formula a.start<b.end AND b.start<a.end. Boundary equality is nonoverlap; grid anchored to opens, not midnight. 409 table_unavailable; 422 not_on_slot_grid; 422 outside_opening_hours; foreign/unknown table404. For overlaps of grid/opening/capacity errors not ordered by spec, avoid asserting invented priority."",""side_effect_oracle"":""Failed PATCH preserves old occupancy and reference/reservation_id; success atomically releases old and reserves new. Race 50 distinct-key creates on one interval yields exactly one201 and49 conflicts; no5xx."",""status"":""NOT_TESTED""},{""id"":""Q10"",""requirements"":[""S1-24"",""S1-18"",""S1-19""],""checkpoint"":""S1 timezone runnable"",""input_classes"":""Berlin spring2026-03-29 02:00/02:30 skipped vs01:30/03:00 valid; fall2026-10-25 02:30 repeated; NewYork spring2026-03-08 02:30 skipped and fall2026-11-01 01:30 repeated; duration90. Unique-endpoint availability controls: Berlin2026-03-29 opens01:00 closes03:30 and NY2026-11-01 opens00:30 closes02:30, grid30 duration90."",""independent_oracle"":""Hand-computed UTC: Berlin fall02:30+02=00:30Z, end02:00Z=03:00+01; NY fall01:30-04=05:30Z, end07:00Z=02:00-05. Berlin spring01:30+01=00:30Z, end02:00Z=04:00+02. Gap never listed and booking422 invalid_local_time; repeated local label appears once, first occurrence only. For unique valid opening/closing endpoints, local opening-grid candidate starts are resolved first, skipped starts omitted, duration added in UTC, absolute end<=closing instant. Berlin spring control only[01:00]; NY fold control[00:30,01:00,01:30]."",""side_effect_oracle"":""Duration is90 real minutes, offsets IANA. Unique-endpoint controls are required. Closing endpoints themselves inside a skipped/repeated interval lack explicit disambiguation; record convention without mandatory invented error. See planning/oracle-review-guidance.md point3."",""status"":""NOT_TESTED""}]",None: planning only; product behavior NOT_TESTED,"Q04: party_size 0,-1,1,capacity,capacity+1,1.5,true,""4""; query 4,04,4.0,+4,1e9; date leap-valid 2028-02-29 vs 2026-02-29; local timestamp bare vs offset/Z/seconds/whitespace vs wrong JSON type. | Q07: Known vs unknown restaurant; capacities2,4 in fixture order; opening18:00 closing23:00 grid30 duration90; empty capacity result vs closed weekday. Additional opening-anchored control: opens18:10 closes20:10 grid30 duration60; last valid19:10 vs adjacent19:40. | Q08: Existing19:00..20:30 booking; candidate18:00..19:30 overlap,20:00..21:30 overlap,20:30..22:00 adjacency; off-grid18:15; final legal21:30 vs22:00; unknown/foreign restaurant table. | Q10: Berlin spring2026-03-29 02:00/02:30 skipped vs01:30/03:00 valid; fall2026-10-25 02:30 repeated; NewYork spring2026-03-08 02:30 skipped and fall2026-11-01 01:30 repeated; duration90. Unique-endpoint availability controls: Berlin2026-03-29 opens01:00 closes03:30 and NY2026-11-01 opens00:30 closes02:30, grid30 duration90."
S1-19,/Users/frank/mygit/Tablekeeper/challenge/tablekeeper/spec/stage-1.md,9460189eac83802ce158f16ee90989af728a489b32a6147e2dc8e320f383055f,### `POST /reservations`,@frankzhu94/factory-backend,S1-IMPL,Every normative statement in requirement_text holds; independent exact-candidate review and official isolated stage gate pass.,"Q04: party_size strings/booleans/nonintegers ->422 validation_failed (override 400); query decimal digits only (04 allowed), other representations ->422. starts_at_local malformed string ->422, nonstring ->400 except endpoint-specific override; impossible date ->422. capacity+1 ->party_exceeds_capacity. | Q08: Independent overlap formula a.start<b.end AND b.start<a.end. Boundary equality is nonoverlap; grid anchored to opens, not midnight. 409 table_unavailable; 422 not_on_slot_grid; 422 outside_opening_hours; foreign/unknown table404. For overlaps of grid/opening/capacity errors not ordered by spec, avoid asserting invented priority. | Q10: Hand-computed UTC: Berlin fall02:30+02=00:30Z, end02:00Z=03:00+01; NY fall01:30-04=05:30Z, end07:00Z=02:00-05. Berlin spring01:30+01=00:30Z, end02:00Z=04:00+02. Gap never listed and booking422 invalid_local_time; repeated local label appears once, first occurrence only. For unique valid opening/closing endpoints, local opening-grid candidate starts are resolved first, skipped starts omitted, duration added in UTC, absolute end<=closing instant. Berlin spring control only[01:00]; NY fold control[00:30,01:00,01:30].",,NOT_TESTED,,20684b30-ebeb-4c24-a600-9cf274e1a7ac,,"Representative input classes and relationships only; no executable product candidate, exhaustive schedule or browser behavior observed.","### `POST /reservations`

`Idempotency-Key` is required; see §7.

```http
POST /reservations
Authorization: Bearer <token>
Idempotency-Key: 2f9c1a...

{ ""restaurant_id"": ""r_anker"", ""table_id"": ""t_2"",
  ""starts_at_local"": ""2026-09-24T19:00"", ""party_size"": 4 }
```

`starts_at_local` is wall-clock at the restaurant, with no offset and no `Z`. Resolve it against
the restaurant's `timezone`.

```json
201
{
  ""reservation_id"": ""res_7"",
  ""reference"": ""K3P7QW"",
  ""restaurant_id"": ""r_anker"",
  ""table_id"": ""t_2"",
  ""party_size"": 4,
  ""status"": ""confirmed"",
  ""starts_at_local"": ""2026-09-24T19:00"",
  ""starts_at"": ""2026-09-24T19:00:00+02:00"",
  ""ends_at"": ""2026-09-24T20:30:00+02:00"",
  ""created_at"": ""2026-09-21T11:04:03+00:00""
}
```

`reference` is 6 to 12 characters of `A-Z0-9`, unique across all reservations, and never changes.

| Case | Response |
|---|---|
| The table is taken for an overlapping interval | 409 `table_unavailable` |
| `starts_at_local` is not on the slot grid | 422 `not_on_slot_grid` |
| Slot outside opening hours, or the reservation would end after `closes` | 422 `outside_opening_hours` |
| `party_size` exceeds the table's `capacity` | 422 `party_exceeds_capacity` |
| `party_size` below 1, or not an integer | 422 `validation_failed` |
| `starts_at_local` is a local time that does not exist (see §9) | 422 `invalid_local_time` |
| Unknown restaurant, unknown table, or the table belongs to another restaurant | 404 `not_found` |

","[{""id"":""Q04"",""requirements"":[""S1-12"",""S1-18"",""S1-19""],""checkpoint"":""S1 availability/create runnable"",""input_classes"":""party_size 0,-1,1,capacity,capacity+1,1.5,true,\""4\""; query 4,04,4.0,+4,1e9; date leap-valid 2028-02-29 vs 2026-02-29; local timestamp bare vs offset/Z/seconds/whitespace vs wrong JSON type."",""independent_oracle"":""party_size strings/booleans/nonintegers ->422 validation_failed (override 400); query decimal digits only (04 allowed), other representations ->422. starts_at_local malformed string ->422, nonstring ->400 except endpoint-specific override; impossible date ->422. capacity+1 ->party_exceeds_capacity."",""side_effect_oracle"":""Each rejection has required error body and no state/receipt claim. Include missing required query/body fields ->422."",""status"":""NOT_TESTED""},{""id"":""Q08"",""requirements"":[""S1-02"",""S1-18"",""S1-19"",""S1-23""],""checkpoint"":""S1 occupancy runnable"",""input_classes"":""Existing19:00..20:30 booking; candidate18:00..19:30 overlap,20:00..21:30 overlap,20:30..22:00 adjacency; off-grid18:15; final legal21:30 vs22:00; unknown/foreign restaurant table."",""independent_oracle"":""Independent overlap formula a.start<b.end AND b.start<a.end. Boundary equality is nonoverlap; grid anchored to opens, not midnight. 409 table_unavailable; 422 not_on_slot_grid; 422 outside_opening_hours; foreign/unknown table404. For overlaps of grid/opening/capacity errors not ordered by spec, avoid asserting invented priority."",""side_effect_oracle"":""Failed PATCH preserves old occupancy and reference/reservation_id; success atomically releases old and reserves new. Race 50 distinct-key creates on one interval yields exactly one201 and49 conflicts; no5xx."",""status"":""NOT_TESTED""},{""id"":""Q10"",""requirements"":[""S1-24"",""S1-18"",""S1-19""],""checkpoint"":""S1 timezone runnable"",""input_classes"":""Berlin spring2026-03-29 02:00/02:30 skipped vs01:30/03:00 valid; fall2026-10-25 02:30 repeated; NewYork spring2026-03-08 02:30 skipped and fall2026-11-01 01:30 repeated; duration90. Unique-endpoint availability controls: Berlin2026-03-29 opens01:00 closes03:30 and NY2026-11-01 opens00:30 closes02:30, grid30 duration90."",""independent_oracle"":""Hand-computed UTC: Berlin fall02:30+02=00:30Z, end02:00Z=03:00+01; NY fall01:30-04=05:30Z, end07:00Z=02:00-05. Berlin spring01:30+01=00:30Z, end02:00Z=04:00+02. Gap never listed and booking422 invalid_local_time; repeated local label appears once, first occurrence only. For unique valid opening/closing endpoints, local opening-grid candidate starts are resolved first, skipped starts omitted, duration added in UTC, absolute end<=closing instant. Berlin spring control only[01:00]; NY fold control[00:30,01:00,01:30]."",""side_effect_oracle"":""Duration is90 real minutes, offsets IANA. Unique-endpoint controls are required. Closing endpoints themselves inside a skipped/repeated interval lack explicit disambiguation; record convention without mandatory invented error. See planning/oracle-review-guidance.md point3."",""status"":""NOT_TESTED""}]",None: planning only; product behavior NOT_TESTED,"Q04: party_size 0,-1,1,capacity,capacity+1,1.5,true,""4""; query 4,04,4.0,+4,1e9; date leap-valid 2028-02-29 vs 2026-02-29; local timestamp bare vs offset/Z/seconds/whitespace vs wrong JSON type. | Q08: Existing19:00..20:30 booking; candidate18:00..19:30 overlap,20:00..21:30 overlap,20:30..22:00 adjacency; off-grid18:15; final legal21:30 vs22:00; unknown/foreign restaurant table. | Q10: Berlin spring2026-03-29 02:00/02:30 skipped vs01:30/03:00 valid; fall2026-10-25 02:30 repeated; NewYork spring2026-03-08 02:30 skipped and fall2026-11-01 01:30 repeated; duration90. Unique-endpoint availability controls: Berlin2026-03-29 opens01:00 closes03:30 and NY2026-11-01 opens00:30 closes02:30, grid30 duration90."
S1-20,/Users/frank/mygit/Tablekeeper/challenge/tablekeeper/spec/stage-1.md,9460189eac83802ce158f16ee90989af728a489b32a6147e2dc8e320f383055f,### `GET /reservations`,@frankzhu94/factory-backend,S1-IMPL,Every normative statement in requirement_text holds; independent exact-candidate review and official isolated stage gate pass.,"Q09: Owner list descending by instant; other/unknown lookup404. Cancel frees immediately; repeat200 current state even after cutoff. Let threshold=start-cutoff; controlled now<threshold succeeds, now==threshold or later409 cutoff_passed. Do not assert unspecified tie order. PATCH cancelled409 reservation_cancelled.",,NOT_TESTED,,20684b30-ebeb-4c24-a600-9cf274e1a7ac,,"Representative input classes and relationships only; no executable product candidate, exhaustive schedule or browser behavior observed.","### `GET /reservations`

The caller's reservations, `starts_at` descending, confirmed and cancelled alike.
Return `200` with `{""reservations"": [...]}`; each entry has the same shape as the
create response. An empty list is `{""reservations"": []}`.

","[{""id"":""Q09"",""requirements"":[""S1-20"",""S1-21"",""S1-22"",""S1-23""],""checkpoint"":""S1 lookup/cancel runnable"",""input_classes"":""Empty and mixed confirmed/cancelled own list; descending distinct starts; own vs other/unknown ref; cancel twice; PATCH subset/noop/cancelled; cutoff before/equal/after threshold against current start."",""independent_oracle"":""Owner list descending by instant; other/unknown lookup404. Cancel frees immediately; repeat200 current state even after cutoff. Let threshold=start-cutoff; controlled now<threshold succeeds, now==threshold or later409 cutoff_passed. Do not assert unspecified tie order. PATCH cancelled409 reservation_cancelled."",""side_effect_oracle"":""Identity/reference stable, cancelled occupancy removed; failed amendments no partial field changes. Equality cutoff needs authorized deterministic clock or measured bracket, never wall-clock flakiness counted PASS."",""status"":""NOT_TESTED""}]",None: planning only; product behavior NOT_TESTED,Q09: Empty and mixed confirmed/cancelled own list; descending distinct starts; own vs other/unknown ref; cancel twice; PATCH subset/noop/cancelled; cutoff before/equal/after threshold against current start.
S1-21,/Users/frank/mygit/Tablekeeper/challenge/tablekeeper/spec/stage-1.md,9460189eac83802ce158f16ee90989af728a489b32a6147e2dc8e320f383055f,### `GET /reservations/{reference}`,@frankzhu94/factory-backend,S1-IMPL,Every normative statement in requirement_text holds; independent exact-candidate review and official isolated stage gate pass.,"Q09: Owner list descending by instant; other/unknown lookup404. Cancel frees immediately; repeat200 current state even after cutoff. Let threshold=start-cutoff; controlled now<threshold succeeds, now==threshold or later409 cutoff_passed. Do not assert unspecified tie order. PATCH cancelled409 reservation_cancelled.",,NOT_TESTED,,20684b30-ebeb-4c24-a600-9cf274e1a7ac,,"Representative input classes and relationships only; no executable product candidate, exhaustive schedule or browser behavior observed.","### `GET /reservations/{reference}`

One reservation. **404 if it is not the caller's** — do not leak the existence of other people's
bookings.

","[{""id"":""Q09"",""requirements"":[""S1-20"",""S1-21"",""S1-22"",""S1-23""],""checkpoint"":""S1 lookup/cancel runnable"",""input_classes"":""Empty and mixed confirmed/cancelled own list; descending distinct starts; own vs other/unknown ref; cancel twice; PATCH subset/noop/cancelled; cutoff before/equal/after threshold against current start."",""independent_oracle"":""Owner list descending by instant; other/unknown lookup404. Cancel frees immediately; repeat200 current state even after cutoff. Let threshold=start-cutoff; controlled now<threshold succeeds, now==threshold or later409 cutoff_passed. Do not assert unspecified tie order. PATCH cancelled409 reservation_cancelled."",""side_effect_oracle"":""Identity/reference stable, cancelled occupancy removed; failed amendments no partial field changes. Equality cutoff needs authorized deterministic clock or measured bracket, never wall-clock flakiness counted PASS."",""status"":""NOT_TESTED""}]",None: planning only; product behavior NOT_TESTED,Q09: Empty and mixed confirmed/cancelled own list; descending distinct starts; own vs other/unknown ref; cancel twice; PATCH subset/noop/cancelled; cutoff before/equal/after threshold against current start.
S1-22,/Users/frank/mygit/Tablekeeper/challenge/tablekeeper/spec/stage-1.md,9460189eac83802ce158f16ee90989af728a489b32a6147e2dc8e320f383055f,### `POST /reservations/{reference}/cancel`,@frankzhu94/factory-backend,S1-IMPL,Every normative statement in requirement_text holds; independent exact-candidate review and official isolated stage gate pass.,"Q09: Owner list descending by instant; other/unknown lookup404. Cancel frees immediately; repeat200 current state even after cutoff. Let threshold=start-cutoff; controlled now<threshold succeeds, now==threshold or later409 cutoff_passed. Do not assert unspecified tie order. PATCH cancelled409 reservation_cancelled.",,NOT_TESTED,,20684b30-ebeb-4c24-a600-9cf274e1a7ac,,"Representative input classes and relationships only; no executable product candidate, exhaustive schedule or browser behavior observed.","### `POST /reservations/{reference}/cancel`

```json
200
{ ""reference"": ""K3P7QW"", ""status"": ""cancelled"", ... }
```

Frees the table immediately: the next `GET /availability` must offer that slot again.

| Case | Response |
|---|---|
| Already cancelled | 200 with the current state — cancelling twice is not an error |
| Now is within `cancellation_cutoff_minutes` of `starts_at`, or later | 409 `cutoff_passed` |
| Not the caller's reservation | 404 `not_found` |

","[{""id"":""Q09"",""requirements"":[""S1-20"",""S1-21"",""S1-22"",""S1-23""],""checkpoint"":""S1 lookup/cancel runnable"",""input_classes"":""Empty and mixed confirmed/cancelled own list; descending distinct starts; own vs other/unknown ref; cancel twice; PATCH subset/noop/cancelled; cutoff before/equal/after threshold against current start."",""independent_oracle"":""Owner list descending by instant; other/unknown lookup404. Cancel frees immediately; repeat200 current state even after cutoff. Let threshold=start-cutoff; controlled now<threshold succeeds, now==threshold or later409 cutoff_passed. Do not assert unspecified tie order. PATCH cancelled409 reservation_cancelled."",""side_effect_oracle"":""Identity/reference stable, cancelled occupancy removed; failed amendments no partial field changes. Equality cutoff needs authorized deterministic clock or measured bracket, never wall-clock flakiness counted PASS."",""status"":""NOT_TESTED""}]",None: planning only; product behavior NOT_TESTED,Q09: Empty and mixed confirmed/cancelled own list; descending distinct starts; own vs other/unknown ref; cancel twice; PATCH subset/noop/cancelled; cutoff before/equal/after threshold against current start.
S1-23,/Users/frank/mygit/Tablekeeper/challenge/tablekeeper/spec/stage-1.md,9460189eac83802ce158f16ee90989af728a489b32a6147e2dc8e320f383055f,### `PATCH /reservations/{reference}`,@frankzhu94/factory-backend,S1-IMPL,Every normative statement in requirement_text holds; independent exact-candidate review and official isolated stage gate pass.,"Q08: Independent overlap formula a.start<b.end AND b.start<a.end. Boundary equality is nonoverlap; grid anchored to opens, not midnight. 409 table_unavailable; 422 not_on_slot_grid; 422 outside_opening_hours; foreign/unknown table404. For overlaps of grid/opening/capacity errors not ordered by spec, avoid asserting invented priority. | Q09: Owner list descending by instant; other/unknown lookup404. Cancel frees immediately; repeat200 current state even after cutoff. Let threshold=start-cutoff; controlled now<threshold succeeds, now==threshold or later409 cutoff_passed. Do not assert unspecified tie order. PATCH cancelled409 reservation_cancelled.",,NOT_TESTED,,20684b30-ebeb-4c24-a600-9cf274e1a7ac,,"Representative input classes and relationships only; no executable product candidate, exhaustive schedule or browser behavior observed.","### `PATCH /reservations/{reference}`

Change the time, the table or the party size. Any subset of `table_id`, `starts_at_local`,
`party_size`. No idempotency key is required here.

Validation is identical to `POST /reservations`, and the same cutoff rule as cancel applies
(409 `cutoff_passed`), measured against the **current** start time. A cancelled reservation is
409 `reservation_cancelled`. A successful amendment releases the old slot and reserves the
new one together. A failed amendment leaves the original booking and its occupancy unchanged.

`reference` and `reservation_id` survive a change.

","[{""id"":""Q08"",""requirements"":[""S1-02"",""S1-18"",""S1-19"",""S1-23""],""checkpoint"":""S1 occupancy runnable"",""input_classes"":""Existing19:00..20:30 booking; candidate18:00..19:30 overlap,20:00..21:30 overlap,20:30..22:00 adjacency; off-grid18:15; final legal21:30 vs22:00; unknown/foreign restaurant table."",""independent_oracle"":""Independent overlap formula a.start<b.end AND b.start<a.end. Boundary equality is nonoverlap; grid anchored to opens, not midnight. 409 table_unavailable; 422 not_on_slot_grid; 422 outside_opening_hours; foreign/unknown table404. For overlaps of grid/opening/capacity errors not ordered by spec, avoid asserting invented priority."",""side_effect_oracle"":""Failed PATCH preserves old occupancy and reference/reservation_id; success atomically releases old and reserves new. Race 50 distinct-key creates on one interval yields exactly one201 and49 conflicts; no5xx."",""status"":""NOT_TESTED""},{""id"":""Q09"",""requirements"":[""S1-20"",""S1-21"",""S1-22"",""S1-23""],""checkpoint"":""S1 lookup/cancel runnable"",""input_classes"":""Empty and mixed confirmed/cancelled own list; descending distinct starts; own vs other/unknown ref; cancel twice; PATCH subset/noop/cancelled; cutoff before/equal/after threshold against current start."",""independent_oracle"":""Owner list descending by instant; other/unknown lookup404. Cancel frees immediately; repeat200 current state even after cutoff. Let threshold=start-cutoff; controlled now<threshold succeeds, now==threshold or later409 cutoff_passed. Do not assert unspecified tie order. PATCH cancelled409 reservation_cancelled."",""side_effect_oracle"":""Identity/reference stable, cancelled occupancy removed; failed amendments no partial field changes. Equality cutoff needs authorized deterministic clock or measured bracket, never wall-clock flakiness counted PASS."",""status"":""NOT_TESTED""}]",None: planning only; product behavior NOT_TESTED,"Q08: Existing19:00..20:30 booking; candidate18:00..19:30 overlap,20:00..21:30 overlap,20:30..22:00 adjacency; off-grid18:15; final legal21:30 vs22:00; unknown/foreign restaurant table. | Q09: Empty and mixed confirmed/cancelled own list; descending distinct starts; own vs other/unknown ref; cancel twice; PATCH subset/noop/cancelled; cutoff before/equal/after threshold against current start."
S1-24,/Users/frank/mygit/Tablekeeper/challenge/tablekeeper/spec/stage-1.md,9460189eac83802ce158f16ee90989af728a489b32a6147e2dc8e320f383055f,## 9. Time and DST,@frankzhu94/factory-backend,S1-IMPL,Every normative statement in requirement_text holds; independent exact-candidate review and official isolated stage gate pass.,"Q10: Hand-computed UTC: Berlin fall02:30+02=00:30Z, end02:00Z=03:00+01; NY fall01:30-04=05:30Z, end07:00Z=02:00-05. Berlin spring01:30+01=00:30Z, end02:00Z=04:00+02. Gap never listed and booking422 invalid_local_time; repeated local label appears once, first occurrence only. For unique valid opening/closing endpoints, local opening-grid candidate starts are resolved first, skipped starts omitted, duration added in UTC, absolute end<=closing instant. Berlin spring control only[01:00]; NY fold control[00:30,01:00,01:30].",,NOT_TESTED,,20684b30-ebeb-4c24-a600-9cf274e1a7ac,,"Representative input classes and relationships only; no executable product candidate, exhaustive schedule or browser behavior observed.","## 9. Time and DST

Local dates and times follow the restaurant's `timezone`, including daylight-saving transitions.

**Spring forward.** Local times in the skipped hour do not exist. They never appear in
availability, and booking one is 422 `invalid_local_time`.

**Fall back.** Local times in the repeated hour occur twice. **Always resolve to the first
occurrence — the one before the clocks change.** The slot appears once in availability, and the
second occurrence is not bookable.

`reservation_duration_minutes` is **absolute time**, not wall-clock. A 90-minute reservation
starting at 01:30 on a fall-back night ends 90 real minutes later, and its local `ends_at` will
read 02:00, not 03:00.

The transitions that must be handled:

| Zone | Spring forward | Fall back |
|---|---|---|
| `Europe/Berlin` | 2026-03-29, 02:00 → 03:00 | 2026-10-25, 03:00 → 02:00 |
| `America/New_York` | 2026-03-08, 02:00 → 03:00 | 2026-11-01, 02:00 → 01:00 |

Offsets must follow the IANA rules for the specified zone and date.

","[{""id"":""Q10"",""requirements"":[""S1-24"",""S1-18"",""S1-19""],""checkpoint"":""S1 timezone runnable"",""input_classes"":""Berlin spring2026-03-29 02:00/02:30 skipped vs01:30/03:00 valid; fall2026-10-25 02:30 repeated; NewYork spring2026-03-08 02:30 skipped and fall2026-11-01 01:30 repeated; duration90. Unique-endpoint availability controls: Berlin2026-03-29 opens01:00 closes03:30 and NY2026-11-01 opens00:30 closes02:30, grid30 duration90."",""independent_oracle"":""Hand-computed UTC: Berlin fall02:30+02=00:30Z, end02:00Z=03:00+01; NY fall01:30-04=05:30Z, end07:00Z=02:00-05. Berlin spring01:30+01=00:30Z, end02:00Z=04:00+02. Gap never listed and booking422 invalid_local_time; repeated local label appears once, first occurrence only. For unique valid opening/closing endpoints, local opening-grid candidate starts are resolved first, skipped starts omitted, duration added in UTC, absolute end<=closing instant. Berlin spring control only[01:00]; NY fold control[00:30,01:00,01:30]."",""side_effect_oracle"":""Duration is90 real minutes, offsets IANA. Unique-endpoint controls are required. Closing endpoints themselves inside a skipped/repeated interval lack explicit disambiguation; record convention without mandatory invented error. See planning/oracle-review-guidance.md point3."",""status"":""NOT_TESTED""}]",None: planning only; product behavior NOT_TESTED,"Q10: Berlin spring2026-03-29 02:00/02:30 skipped vs01:30/03:00 valid; fall2026-10-25 02:30 repeated; NewYork spring2026-03-08 02:30 skipped and fall2026-11-01 01:30 repeated; duration90. Unique-endpoint availability controls: Berlin2026-03-29 opens01:00 closes03:30 and NY2026-11-01 opens00:30 closes02:30, grid30 duration90."
S1-25,/Users/frank/mygit/Tablekeeper/challenge/tablekeeper/spec/stage-1.md,9460189eac83802ce158f16ee90989af728a489b32a6147e2dc8e320f383055f,## 10. Export and import,@frankzhu94/factory-backend,S1-IMPL,Every normative statement in requirement_text holds; independent exact-candidate review and official isolated stage gate pass.,"Q11: Read-only snapshot unchanged by later source writes; unchanged envelope track tablekeeper/version1 imports204 to different process/port. Invalid import422 (malformed JSON400) atomically preserves B. Accounts/hash login/tokens/config/references/status/timestamps/receipts byte-equivalent as JSON values. | Q16: No reload or signin needed; same browser token authenticated, retained ref lookup works, unchanged pending form retries same key/body and server returns original receipt. Stage1 is API-only: do not require an S1 UI or substitute a synthetic form/compatibility stub. Real stage2 client must send the compatible table_id body while routed toS1. See planning/oracle-review-guidance.md point4. | Q26: All old sessions/refs/receipts valid and adoption succeeds; old receipts retain original shape/values while new current response includes required new fields. Exact compatibility rules for upgrading seeded historical revisions need architecture decision before oracle execution. | Q33: Prior receipts/history/tokens/refs valid; repair preserves exception flags/originaldates/terms and affectedseriesrevision+1 once per application. Lateramend uses originaldates/currentselection and respects exclusions; ordinary browserlookup reflects newtables.",,NOT_TESTED,,20684b30-ebeb-4c24-a600-9cf274e1a7ac,,"Representative input classes and relationships only; no executable product candidate, exhaustive schedule or browser behavior observed.","## 10. Export and import

The service must support `GET /_test/export` and `POST /_test/import`. Like reset, these
are unauthenticated test endpoints.
Exports may contain credentials and session tokens; handle them as private test artifacts.
Return 200 from export with a JSON object containing `track: ""tablekeeper""`,
`format_version: 1` and `state` (an implementation-defined JSON object). The state format
is opaque to the caller and must be accepted unchanged by import.

Import takes that entire object and atomically replaces the service's state, returning
204. It must accept an unchanged export produced by this service. No dependency on the
source process, files, volume, port or network address is allowed. Import is replacement,
not merge; repeating it restores the exported state without duplicating anything. Invalid
JSON follows §5; missing fields, wrong track/version or an invalid state give 422
`validation_failed` without changing the destination. Test control calls have a 10-second
timeout. Export is an atomic, read-only snapshot; subsequent source writes do not change it.

Preserve accounts and hashed-password login, existing bearer tokens, fixture configuration,
reservations, references, all completed idempotent request bodies and original responses.
Identities, statuses and timestamps must not be regenerated. Failed request keys remain
reusable. Existing receipts, references, tokens and retries must remain valid after import;
replacing the state with a fresh fixture does not satisfy this requirement. Import removes
all previous destination data and credentials. Reset continues to clear all state, including
imported state. State need not survive an abrupt container restart.

","[{""id"":""Q11"",""requirements"":[""S1-25""],""checkpoint"":""S1 export/import runnable"",""input_classes"":""Export A then mutate source; destinationB; import A twice; wrong track/version/missing state/invalid state; malformed JSON; failed booking key then export."",""independent_oracle"":""Read-only snapshot unchanged by later source writes; unchanged envelope track tablekeeper/version1 imports204 to different process/port. Invalid import422 (malformed JSON400) atomically preserves B. Accounts/hash login/tokens/config/references/status/timestamps/receipts byte-equivalent as JSON values."",""side_effect_oracle"":""Import replaces B credentials and reservations, no duplicate on repeat; completed receipts immutable, failed keys reusable, reset clears imported state. Keep raw credential/token exports private and uncommitted; room gets only assertions."",""status"":""NOT_TESTED""},{""id"":""Q16"",""requirements"":[""S2-09"",""S1-25""],""checkpoint"":""S2 upgrade checkpoint after acceptedS1 export"",""input_classes"":""Serve the actual delivered stage2 browser assets through a test routing layer against the real accepted stage1 API; use stage1-compatible table_id single-table body, sign in and lose committed response, exportS1/importS2 between requests, switch API routing toS2; retain actual browser form/token/body/key/reference."",""independent_oracle"":""No reload or signin needed; same browser token authenticated, retained ref lookup works, unchanged pending form retries same key/body and server returns original receipt. Stage1 is API-only: do not require an S1 UI or substitute a synthetic form/compatibility stub. Real stage2 client must send the compatible table_id body while routed toS1. See planning/oracle-review-guidance.md point4."",""side_effect_oracle"":""Assert imported state independently; actual two-service upgrade evidence needed, mocked export/import is NOT_TESTED integration."",""status"":""NOT_TESTED""},{""id"":""Q26"",""requirements"":[""S3-06"",""S1-25"",""S2-09""],""checkpoint"":""S3 upgrade runnable"",""input_classes"":""ActualS1 andS2 exports intoS3, imported anchor adoption; signed-in browser and lost booking retry; pair retry fromS2."",""independent_oracle"":""All old sessions/refs/receipts valid and adoption succeeds; old receipts retain original shape/values while new current response includes required new fields. Exact compatibility rules for upgrading seeded historical revisions need architecture decision before oracle execution."",""side_effect_oracle"":""No retroactive new identity/reference/timestamps; preserving oldreceipt JSON does not imply omit newly required fields from current reservation response."",""status"":""NOT_TESTED""},{""id"":""Q33"",""requirements"":[""S4-03"",""S4-02"",""S1-25""],""checkpoint"":""S4 upgrade and repair series runnable"",""input_classes"":""ActualS1/S2/S3 exports intoS4; importedseries with individually moved/exception,cancelled and operator-reassigned occurrences; applyplan affects2members same series; subsequent amendment."",""independent_oracle"":""Prior receipts/history/tokens/refs valid; repair preserves exception flags/originaldates/terms and affectedseriesrevision+1 once per application. Lateramend uses originaldates/currentselection and respects exclusions; ordinary browserlookup reflects newtables."",""side_effect_oracle"":""Run each sourceversion independently, replacement destination must be clean; mocked migration or empty series cannot close upgrade classes."",""status"":""NOT_TESTED""}]",None: planning only; product behavior NOT_TESTED,"Q11: Export A then mutate source; destinationB; import A twice; wrong track/version/missing state/invalid state; malformed JSON; failed booking key then export. | Q16: Serve the actual delivered stage2 browser assets through a test routing layer against the real accepted stage1 API; use stage1-compatible table_id single-table body, sign in and lose committed response, exportS1/importS2 between requests, switch API routing toS2; retain actual browser form/token/body/key/reference. | Q26: ActualS1 andS2 exports intoS3, imported anchor adoption; signed-in browser and lost booking retry; pair retry fromS2. | Q33: ActualS1/S2/S3 exports intoS4; importedseries with individually moved/exception,cancelled and operator-reassigned occurrences; applyplan affects2members same series; subsequent amendment."
S1-26,/Users/frank/mygit/Tablekeeper/challenge/tablekeeper/spec/stage-1.md,9460189eac83802ce158f16ee90989af728a489b32a6147e2dc8e320f383055f,## 11. Atomic reservation moves,@frankzhu94/factory-backend,S1-IMPL,Every normative statement in requirement_text holds; independent exact-candidate review and official isolated stage gate pass.,Q12: Invalid shape/duplicates422; inaccessible404; mixed restaurants422. A/B atomic swap succeeds201 in input order despite transient occupied old assignments. Nonoccupancy errors by input order; cutoff precedes other changes for same booking. E.g item0 cutoff+bad capacity and item1 bad grid ->cutoff; swap control editable. | Q18: Every selected table label visible; testid slot-t2+t1-HH:MM uses declaration order. Pair loss/retry same rulesQ15. Observed outcomes admit a serial order; at most one overlapping assignment per member.,,NOT_TESTED,,20684b30-ebeb-4c24-a600-9cf274e1a7ac,,"Representative input classes and relationships only; no executable product candidate, exhaustive schedule or browser behavior observed.","## 11. Atomic reservation moves

A diner may change several bookings in one request.

`POST /reservation-moves` requires authentication and an idempotency key. Body:

```json
{""moves"": [{""reference"": ""BOOK01"", ""table_id"": ""t_2""},
           {""reference"": ""BOOK02"", ""table_id"": ""t_1""}]}
```

`moves` contains 1..8 objects with distinct string references. Invalid shape or duplicate
references gives 422 `validation_failed`. Every booking must belong to the caller and the
same restaurant. Unknown/another owner's reference gives 404 `not_found`; different
restaurants give 422 `validation_failed`. No token gives 401.

Each item accepts the ordinary PATCH fields `table_id`, `starts_at_local`, `party_size`;
omitted fields retain their current values and unknown fields are ignored. The booking's
identity, owner and creation time never change. Cancelled bookings give 409
`reservation_cancelled`. Each booking's existing cutoff applies. Non-occupancy errors use
ordinary amendment codes and take precedence in input order, with cutoff errors preceding
other changes for that booking. An overlap among resulting bookings or with an unlisted
booking gives 409 `table_unavailable`. Unchanged listed bookings retain their occupancy.

Either every move commits or nothing changes: occupancy, reservation records and retry
keys. On success return 201 with `{""reservations"": [...]}` in input order, including
unchanged items.
Replays return that original response with 200, even after amendments or cancellations.
No-op moves retain all existing values. Export/import preserves successful batch receipts
as well as the resulting bookings. No batch UI is required.
","[{""id"":""Q12"",""requirements"":[""S1-26""],""checkpoint"":""S1 batch runnable"",""input_classes"":""moves length0,1,8,9; duplicate/nonstring reference; move objects wrong shape; own vs other owner; mixed restaurants; swap A:t1 B:t2; collision with fixed C; unchanged listed booking retains occupancy."",""independent_oracle"":""Invalid shape/duplicates422; inaccessible404; mixed restaurants422. A/B atomic swap succeeds201 in input order despite transient occupied old assignments. Nonoccupancy errors by input order; cutoff precedes other changes for same booking. E.g item0 cutoff+bad capacity and item1 bad grid ->cutoff; swap control editable."",""side_effect_oracle"":""On failure compare all records/occupancy/receipts; key usable after failure. Replay200 original even after changes; noop all values retained; export/import preserves batch receipt. Wrong owner vs shape order beyond specified phases remains explicit ambiguity."",""status"":""NOT_TESTED""},{""id"":""Q18"",""requirements"":[""S2-15"",""S2-16"",""S1-26""],""checkpoint"":""S2 pair UI/concurrency runnable"",""input_classes"":""Pair select summary/confirmation/lookup; pair lost/conflict flows; concurrent t1 singleton vs[t1,t2] pair and concurrent pair/single amendments; batch swap pair members."",""independent_oracle"":""Every selected table label visible; testid slot-t2+t1-HH:MM uses declaration order. Pair loss/retry same rulesQ15. Observed outcomes admit a serial order; at most one overlapping assignment per member."",""side_effect_oracle"":""Use barrier synchronized clients and reads; no partially changed pair visible. Linearizability examples do not prove all possible schedules; mark remaining invariant class coverage."",""status"":""NOT_TESTED""}]",None: planning only; product behavior NOT_TESTED,"Q12: moves length0,1,8,9; duplicate/nonstring reference; move objects wrong shape; own vs other owner; mixed restaurants; swap A:t1 B:t2; collision with fixed C; unchanged listed booking retains occupancy. | Q18: Pair select summary/confirmation/lookup; pair lost/conflict flows; concurrent t1 singleton vs[t1,t2] pair and concurrent pair/single amendments; batch swap pair members."
S2-01,/Users/frank/mygit/Tablekeeper/challenge/tablekeeper/spec/stage-2.md,b1aa1b4affad456ff26f208a378eb2f6884153fc6ef667ab37b888fcda96c5dc,# Tablekeeper — Stage 2: online booking and combined tables,@frankzhu94/factory-backend,S2-IMPL,Every normative statement in requirement_text holds; independent exact-candidate review and official isolated stage gate pass.,"Q13: HTML routes200; documented testids/visible labels, every signed-in screen display name/current-user and logout; auth-error only actual error; no horizontal page scroll. Designer rendered judgments remain independent, with screenshots and focus evidence.",,NOT_TESTED,,20684b30-ebeb-4c24-a600-9cf274e1a7ac,,"Representative input classes and relationships only; no executable product candidate, exhaustive schedule or browser behavior observed.","# Tablekeeper — Stage 2: online booking and combined tables

The stage-1 requirements continue to apply, with the additions below. Numbered section
references such as §5 and §7 refer to `stage-1.md`.

Diners can search, book and manage reservations in a browser. Restaurants can offer
approved pairs of tables for larger parties.

The following screens must be reachable by URL. Other screens must be reachable through
the UI. Server-side and client-side rendering are both permitted.

| Route | Screen |
|---|---|
| `/` | Search and availability grid |
| `/signup` | Signup |
| `/login` | Login |
| `/lookup` | Look up a reservation by reference |

A screen route returns HTML; §3.4's `application/json` convention is about the API, and does
not govern the routes in the table above.

","[{""id"":""Q13"",""requirements"":[""S2-01"",""S2-03"",""S2-04""],""checkpoint"":""S2 first UI runnable"",""input_classes"":""Direct /,/signup,/login,/lookup at desktop and375px; signed-out and signed-in across routes; failed/signup/login/logout; keyboard tab focus; empty/loading/refused/uncertain/success."",""independent_oracle"":""HTML routes200; documented testids/visible labels, every signed-in screen display name/current-user and logout; auth-error only actual error; no horizontal page scroll. Designer rendered judgments remain independent, with screenshots and focus evidence."",""side_effect_oracle"":""Local runtime assets load with no outbound network; storage/session can persist upgrade but no reload recovery requirement is invented."",""status"":""NOT_TESTED""}]",None: planning only; product behavior NOT_TESTED,"Q13: Direct /,/signup,/login,/lookup at desktop and375px; signed-out and signed-in across routes; failed/signup/login/logout; keyboard tab focus; empty/loading/refused/uncertain/success."
S2-02,/Users/frank/mygit/Tablekeeper/challenge/tablekeeper/spec/stage-2.md,b1aa1b4affad456ff26f208a378eb2f6884153fc6ef667ab37b888fcda96c5dc,## Competing clients and uncertain outcomes,@frankzhu94/factory-frontend,S2-IMPL,Every normative statement in requirement_text holds; independent exact-candidate review and official isolated stage gate pass.,"Q14: After A arrives grid, labels, selected form and prefill stillB; cell availability exactly API IDs for searched party; unavailable click inert; available signed-out login/auth-error. Closed day no-slots replaces grid. | Q15: Conflict409 ->nonempty booking-error, refreshed availability, same form inputs, no new confirmation. Lost response ->nonempty booking-uncertain, no booking-error or new confirmation; retry sends identical key+JSON body, returns original reference and clears uncertainty/error. Change field ->new booking identity.",,NOT_TESTED,,20684b30-ebeb-4c24-a600-9cf274e1a7ac,,"Representative input classes and relationships only; no executable product candidate, exhaustive schedule or browser behavior observed.","## Competing clients and uncertain outcomes

The UI must handle responses arriving out of order and connections failing after submission.

- If search A starts before search B but finishes after it, the grid, table labels and
  booking form must describe B. A late response must not restore A's results.
- If another client takes a table after the form opens, a `409 table_unavailable` response
  shows `booking-error` and refreshes availability. Preserve the selected form and its
  inputs so the diner can change their choice. Do not show a confirmation for that attempt.
- If a booking response is lost, including after the booking commits, show nonempty
  `booking-uncertain` text, without `booking-error` or a new confirmation. The unchanged
  form must retry with the same idempotency key and body. A successful retry removes the
  uncertainty/error elements and shows the original reference. A confirmed rejection
  uses `booking-error`.

These rules apply to combination bookings too. No background polling, live updates,
cross-tab storage synchronization, or recovery across a page reload is required. The server
remains authoritative; the browser must not manufacture a successful result from cached data.

The UI must expose the `data-testid` attributes listed below for integration testing.
Additional elements are permitted, and the visual implementation is the team's choice subject
to the product-quality requirements below.

","[{""id"":""Q14"",""requirements"":[""S2-02"",""S2-05"",""S2-06""],""checkpoint"":""S2 browser search runnable"",""input_classes"":""Hold searchA response, submitB, completeB thenA; different restaurant/table labels/date/party. Available and unavailable cells, signed-out available click."",""independent_oracle"":""After A arrives grid, labels, selected form and prefill stillB; cell availability exactly API IDs for searched party; unavailable click inert; available signed-out login/auth-error. Closed day no-slots replaces grid."",""side_effect_oracle"":""Record requests and DOM with browser-controlled response latches, not timers; stale response must not restore old state or book stale restaurant/time."",""status"":""NOT_TESTED""},{""id"":""Q15"",""requirements"":[""S2-02"",""S2-06"",""S2-07"",""S2-08""],""checkpoint"":""S2 browser booking runnable"",""input_classes"":""Another client claims selected table; drop response before server commit and after actual commit; unchanged retry; success submit again; change party/table field; lookup own/unknown/cancel/refused."",""independent_oracle"":""Conflict409 ->nonempty booking-error, refreshed availability, same form inputs, no new confirmation. Lost response ->nonempty booking-uncertain, no booking-error or new confirmation; retry sends identical key+JSON body, returns original reference and clears uncertainty/error. Change field ->new booking identity."",""side_effect_oracle"":""Verify server state separately via owner list; one booking despite lost committed response. Confirmation-reference text exact; details labels/time, form remains; cancelled lookup cancel button absent. Do not manufacture success from browser cache."",""status"":""NOT_TESTED""}]",None: planning only; product behavior NOT_TESTED,"Q14: Hold searchA response, submitB, completeB thenA; different restaurant/table labels/date/party. Available and unavailable cells, signed-out available click. | Q15: Another client claims selected table; drop response before server commit and after actual commit; unchanged retry; success submit again; change party/table field; lookup own/unknown/cancel/refused."
S2-03,/Users/frank/mygit/Tablekeeper/challenge/tablekeeper/spec/stage-2.md,b1aa1b4affad456ff26f208a378eb2f6884153fc6ef667ab37b888fcda96c5dc,## Product and visual direction,@frankzhu94/factory-frontend,S2-IMPL,Every normative statement in requirement_text holds; independent exact-candidate review and official isolated stage gate pass.,"Q13: HTML routes200; documented testids/visible labels, every signed-in screen display name/current-user and logout; auth-error only actual error; no horizontal page scroll. Designer rendered judgments remain independent, with screenshots and focus evidence.",,NOT_TESTED,,20684b30-ebeb-4c24-a600-9cf274e1a7ac,,"Representative input classes and relationships only; no executable product candidate, exhaustive schedule or browser behavior observed.","## Product and visual direction

The browser experience must feel like a coherent, presentation-ready restaurant product, not a
test harness with controls attached. Aim for a warm, confident hospitality character. The search,
availability and booking flow should have an obvious visual hierarchy; a diner should be able to
scan dates, times, party size and table choices without having to interpret raw API data. Combined
tables should read as intentional seating options, not as concatenated technical identifiers.

Use a consistent visual system for typography, spacing, colour, controls and feedback. Primary
actions must be easy to identify. Available, unavailable, selected, loading, successful, refused
and uncertain states must be visually distinct as well as satisfying the behavioural requirements
below. Use human-readable restaurant and table labels prominently; expose technical identifiers
only where they help the user.

The required flows must remain clear and usable at a 375 CSS-pixel viewport and at conventional
desktop widths, without horizontal page scrolling. Inputs need visible labels, keyboard focus must
be apparent, and text and controls need sufficient contrast. Provide considered empty, loading and
error states, and keep navigation consistent across the required routes. A custom illustration,
brand asset or exact visual match to a reference is not required.

","[{""id"":""Q13"",""requirements"":[""S2-01"",""S2-03"",""S2-04""],""checkpoint"":""S2 first UI runnable"",""input_classes"":""Direct /,/signup,/login,/lookup at desktop and375px; signed-out and signed-in across routes; failed/signup/login/logout; keyboard tab focus; empty/loading/refused/uncertain/success."",""independent_oracle"":""HTML routes200; documented testids/visible labels, every signed-in screen display name/current-user and logout; auth-error only actual error; no horizontal page scroll. Designer rendered judgments remain independent, with screenshots and focus evidence."",""side_effect_oracle"":""Local runtime assets load with no outbound network; storage/session can persist upgrade but no reload recovery requirement is invented."",""status"":""NOT_TESTED""}]",None: planning only; product behavior NOT_TESTED,"Q13: Direct /,/signup,/login,/lookup at desktop and375px; signed-out and signed-in across routes; failed/signup/login/logout; keyboard tab focus; empty/loading/refused/uncertain/success."
S2-04,/Users/frank/mygit/Tablekeeper/challenge/tablekeeper/spec/stage-2.md,b1aa1b4affad456ff26f208a378eb2f6884153fc6ef667ab37b888fcda96c5dc,## Signup and login,@frankzhu94/factory-frontend,S2-IMPL,Every normative statement in requirement_text holds; independent exact-candidate review and official isolated stage gate pass.,"Q13: HTML routes200; documented testids/visible labels, every signed-in screen display name/current-user and logout; auth-error only actual error; no horizontal page scroll. Designer rendered judgments remain independent, with screenshots and focus evidence.",,NOT_TESTED,,20684b30-ebeb-4c24-a600-9cf274e1a7ac,,"Representative input classes and relationships only; no executable product candidate, exhaustive schedule or browser behavior observed.","## Signup and login

| `data-testid` | Element |
|---|---|
| `signup-email`, `signup-password`, `signup-display-name` | Inputs |
| `signup-submit` | Button |
| `login-email`, `login-password`, `login-submit` | Inputs and button |
| `auth-error` | Error message. Present only when there is one |
| `current-user` | Visible on every screen when signed in. Text contains the display name |
| `logout-button` | Button |

","[{""id"":""Q13"",""requirements"":[""S2-01"",""S2-03"",""S2-04""],""checkpoint"":""S2 first UI runnable"",""input_classes"":""Direct /,/signup,/login,/lookup at desktop and375px; signed-out and signed-in across routes; failed/signup/login/logout; keyboard tab focus; empty/loading/refused/uncertain/success."",""independent_oracle"":""HTML routes200; documented testids/visible labels, every signed-in screen display name/current-user and logout; auth-error only actual error; no horizontal page scroll. Designer rendered judgments remain independent, with screenshots and focus evidence."",""side_effect_oracle"":""Local runtime assets load with no outbound network; storage/session can persist upgrade but no reload recovery requirement is invented."",""status"":""NOT_TESTED""}]",None: planning only; product behavior NOT_TESTED,"Q13: Direct /,/signup,/login,/lookup at desktop and375px; signed-out and signed-in across routes; failed/signup/login/logout; keyboard tab focus; empty/loading/refused/uncertain/success."
S2-05,/Users/frank/mygit/Tablekeeper/challenge/tablekeeper/spec/stage-2.md,b1aa1b4affad456ff26f208a378eb2f6884153fc6ef667ab37b888fcda96c5dc,## Search and availability grid — `/`,@frankzhu94/factory-frontend,S2-IMPL,Every normative statement in requirement_text holds; independent exact-candidate review and official isolated stage gate pass.,"Q14: After A arrives grid, labels, selected form and prefill stillB; cell availability exactly API IDs for searched party; unavailable click inert; available signed-out login/auth-error. Closed day no-slots replaces grid.",,NOT_TESTED,,20684b30-ebeb-4c24-a600-9cf274e1a7ac,,"Representative input classes and relationships only; no executable product candidate, exhaustive schedule or browser behavior observed.","## Search and availability grid — `/`

| `data-testid` | Element |
|---|---|
| `restaurant-select` | Selects a restaurant. Option values are restaurant ids |
| `date-input` | Date, value `YYYY-MM-DD` |
| `party-size-input` | Number |
| `search-button` | Runs the search |
| `availability-grid` | Container for the results |
| `slot-{table_id}-{HH:MM}` | One cell per table per slot, e.g. `slot-t_2-19:00` |
| `no-slots` | Shown instead of the grid when the day has no slots |

Each cell carries `data-available=""true""` or `data-available=""false""`. A cell is `true` exactly
when its `table_id` is in that slot's `available_table_ids` from `GET /availability` for the party
size that was searched, and `false` otherwise. Clicking an available cell
opens the booking form for that table and slot. Clicking an unavailable cell does nothing.
Booking requires a signed-in user: clicking an available cell while signed out shows `auth-error`
or navigates to `/login`, your choice.

","[{""id"":""Q14"",""requirements"":[""S2-02"",""S2-05"",""S2-06""],""checkpoint"":""S2 browser search runnable"",""input_classes"":""Hold searchA response, submitB, completeB thenA; different restaurant/table labels/date/party. Available and unavailable cells, signed-out available click."",""independent_oracle"":""After A arrives grid, labels, selected form and prefill stillB; cell availability exactly API IDs for searched party; unavailable click inert; available signed-out login/auth-error. Closed day no-slots replaces grid."",""side_effect_oracle"":""Record requests and DOM with browser-controlled response latches, not timers; stale response must not restore old state or book stale restaurant/time."",""status"":""NOT_TESTED""}]",None: planning only; product behavior NOT_TESTED,"Q14: Hold searchA response, submitB, completeB thenA; different restaurant/table labels/date/party. Available and unavailable cells, signed-out available click."
S2-06,/Users/frank/mygit/Tablekeeper/challenge/tablekeeper/spec/stage-2.md,b1aa1b4affad456ff26f208a378eb2f6884153fc6ef667ab37b888fcda96c5dc,## Booking form,@frankzhu94/factory-frontend,S2-IMPL,Every normative statement in requirement_text holds; independent exact-candidate review and official isolated stage gate pass.,"Q14: After A arrives grid, labels, selected form and prefill stillB; cell availability exactly API IDs for searched party; unavailable click inert; available signed-out login/auth-error. Closed day no-slots replaces grid. | Q15: Conflict409 ->nonempty booking-error, refreshed availability, same form inputs, no new confirmation. Lost response ->nonempty booking-uncertain, no booking-error or new confirmation; retry sends identical key+JSON body, returns original reference and clears uncertainty/error. Change field ->new booking identity.",,NOT_TESTED,,20684b30-ebeb-4c24-a600-9cf274e1a7ac,,"Representative input classes and relationships only; no executable product candidate, exhaustive schedule or browser behavior observed.","## Booking form

| `data-testid` | Element |
|---|---|
| `booking-form` | Container |
| `booking-summary` | Text contains the table label and the local start time |
| `booking-party-size` | Number input, pre-filled from the search |
| `booking-submit` | Button |
| `booking-error` | Error message, when the booking fails |

Keep the booking form on screen after success. Submitting it again without changing a
field must return the same `confirmation-reference`, without `booking-error` or another
booking. Changing a field makes the next submission a new booking request. Retries follow §7.

","[{""id"":""Q14"",""requirements"":[""S2-02"",""S2-05"",""S2-06""],""checkpoint"":""S2 browser search runnable"",""input_classes"":""Hold searchA response, submitB, completeB thenA; different restaurant/table labels/date/party. Available and unavailable cells, signed-out available click."",""independent_oracle"":""After A arrives grid, labels, selected form and prefill stillB; cell availability exactly API IDs for searched party; unavailable click inert; available signed-out login/auth-error. Closed day no-slots replaces grid."",""side_effect_oracle"":""Record requests and DOM with browser-controlled response latches, not timers; stale response must not restore old state or book stale restaurant/time."",""status"":""NOT_TESTED""},{""id"":""Q15"",""requirements"":[""S2-02"",""S2-06"",""S2-07"",""S2-08""],""checkpoint"":""S2 browser booking runnable"",""input_classes"":""Another client claims selected table; drop response before server commit and after actual commit; unchanged retry; success submit again; change party/table field; lookup own/unknown/cancel/refused."",""independent_oracle"":""Conflict409 ->nonempty booking-error, refreshed availability, same form inputs, no new confirmation. Lost response ->nonempty booking-uncertain, no booking-error or new confirmation; retry sends identical key+JSON body, returns original reference and clears uncertainty/error. Change field ->new booking identity."",""side_effect_oracle"":""Verify server state separately via owner list; one booking despite lost committed response. Confirmation-reference text exact; details labels/time, form remains; cancelled lookup cancel button absent. Do not manufacture success from browser cache."",""status"":""NOT_TESTED""}]",None: planning only; product behavior NOT_TESTED,"Q14: Hold searchA response, submitB, completeB thenA; different restaurant/table labels/date/party. Available and unavailable cells, signed-out available click. | Q15: Another client claims selected table; drop response before server commit and after actual commit; unchanged retry; success submit again; change party/table field; lookup own/unknown/cancel/refused."
S2-07,/Users/frank/mygit/Tablekeeper/challenge/tablekeeper/spec/stage-2.md,b1aa1b4affad456ff26f208a378eb2f6884153fc6ef667ab37b888fcda96c5dc,## Confirmation,@frankzhu94/factory-frontend,S2-IMPL,Every normative statement in requirement_text holds; independent exact-candidate review and official isolated stage gate pass.,"Q15: Conflict409 ->nonempty booking-error, refreshed availability, same form inputs, no new confirmation. Lost response ->nonempty booking-uncertain, no booking-error or new confirmation; retry sends identical key+JSON body, returns original reference and clears uncertainty/error. Change field ->new booking identity.",,NOT_TESTED,,20684b30-ebeb-4c24-a600-9cf274e1a7ac,,"Representative input classes and relationships only; no executable product candidate, exhaustive schedule or browser behavior observed.","## Confirmation

Shown after a successful booking.

| `data-testid` | Element |
|---|---|
| `confirmation` | Container |
| `confirmation-reference` | Text is exactly the reference, no surrounding words |
| `confirmation-details` | Text contains the restaurant name, table label and local start time |

","[{""id"":""Q15"",""requirements"":[""S2-02"",""S2-06"",""S2-07"",""S2-08""],""checkpoint"":""S2 browser booking runnable"",""input_classes"":""Another client claims selected table; drop response before server commit and after actual commit; unchanged retry; success submit again; change party/table field; lookup own/unknown/cancel/refused."",""independent_oracle"":""Conflict409 ->nonempty booking-error, refreshed availability, same form inputs, no new confirmation. Lost response ->nonempty booking-uncertain, no booking-error or new confirmation; retry sends identical key+JSON body, returns original reference and clears uncertainty/error. Change field ->new booking identity."",""side_effect_oracle"":""Verify server state separately via owner list; one booking despite lost committed response. Confirmation-reference text exact; details labels/time, form remains; cancelled lookup cancel button absent. Do not manufacture success from browser cache."",""status"":""NOT_TESTED""}]",None: planning only; product behavior NOT_TESTED,Q15: Another client claims selected table; drop response before server commit and after actual commit; unchanged retry; success submit again; change party/table field; lookup own/unknown/cancel/refused.
S2-08,/Users/frank/mygit/Tablekeeper/challenge/tablekeeper/spec/stage-2.md,b1aa1b4affad456ff26f208a378eb2f6884153fc6ef667ab37b888fcda96c5dc,## Lookup — `/lookup`,@frankzhu94/factory-frontend,S2-IMPL,Every normative statement in requirement_text holds; independent exact-candidate review and official isolated stage gate pass.,"Q15: Conflict409 ->nonempty booking-error, refreshed availability, same form inputs, no new confirmation. Lost response ->nonempty booking-uncertain, no booking-error or new confirmation; retry sends identical key+JSON body, returns original reference and clears uncertainty/error. Change field ->new booking identity.",,NOT_TESTED,,20684b30-ebeb-4c24-a600-9cf274e1a7ac,,"Representative input classes and relationships only; no executable product candidate, exhaustive schedule or browser behavior observed.","## Lookup — `/lookup`

| `data-testid` | Element |
|---|---|
| `lookup-reference-input`, `lookup-submit` | Input and button |
| `reservation-detail` | Container, shown when found |
| `reservation-status` | Text is exactly `confirmed` or `cancelled` |
| `reservation-cancel-button` | Cancels. Absent once cancelled |
| `reservation-error` | Shown when not found, or when a cancel is refused |

","[{""id"":""Q15"",""requirements"":[""S2-02"",""S2-06"",""S2-07"",""S2-08""],""checkpoint"":""S2 browser booking runnable"",""input_classes"":""Another client claims selected table; drop response before server commit and after actual commit; unchanged retry; success submit again; change party/table field; lookup own/unknown/cancel/refused."",""independent_oracle"":""Conflict409 ->nonempty booking-error, refreshed availability, same form inputs, no new confirmation. Lost response ->nonempty booking-uncertain, no booking-error or new confirmation; retry sends identical key+JSON body, returns original reference and clears uncertainty/error. Change field ->new booking identity."",""side_effect_oracle"":""Verify server state separately via owner list; one booking despite lost committed response. Confirmation-reference text exact; details labels/time, form remains; cancelled lookup cancel button absent. Do not manufacture success from browser cache."",""status"":""NOT_TESTED""}]",None: planning only; product behavior NOT_TESTED,Q15: Another client claims selected table; drop response before server commit and after actual commit; unchanged retry; success submit again; change party/table field; lookup own/unknown/cancel/refused.
S2-09,/Users/frank/mygit/Tablekeeper/challenge/tablekeeper/spec/stage-2.md,b1aa1b4affad456ff26f208a378eb2f6884153fc6ef667ab37b888fcda96c5dc,## Existing clients after an upgrade,@frankzhu94/factory-frontend,S2-IMPL,Every normative statement in requirement_text holds; independent exact-candidate review and official isolated stage gate pass.,"Q16: No reload or signin needed; same browser token authenticated, retained ref lookup works, unchanged pending form retries same key/body and server returns original receipt. Stage1 is API-only: do not require an S1 UI or substitute a synthetic form/compatibility stub. Real stage2 client must send the compatible table_id body while routed toS1. See planning/oracle-review-guidance.md point4. | Q26: All old sessions/refs/receipts valid and adoption succeeds; old receipts retain original shape/values while new current response includes required new fields. Exact compatibility rules for upgrading seeded historical revisions need architecture decision before oracle execution.",,NOT_TESTED,,20684b30-ebeb-4c24-a600-9cf274e1a7ac,,"Representative input classes and relationships only; no executable product candidate, exhaustive schedule or browser behavior observed.","## Existing clients after an upgrade

A stage-2 service must accept an export produced by the same team's stage-1 service. A
browser signed in before that export/import upgrade must remain signed in afterwards.
A retained booking reference still works through the lookup screen. A booking whose response
was lost before export remains retryable after import with the same body and key; the UI
must recover the original confirmation. These requirements apply when import completes
between browser requests; migration during an in-flight request is not required. No page
reload or new screen is required. The form and pending retry identity must survive the upgrade.

","[{""id"":""Q16"",""requirements"":[""S2-09"",""S1-25""],""checkpoint"":""S2 upgrade checkpoint after acceptedS1 export"",""input_classes"":""Serve the actual delivered stage2 browser assets through a test routing layer against the real accepted stage1 API; use stage1-compatible table_id single-table body, sign in and lose committed response, exportS1/importS2 between requests, switch API routing toS2; retain actual browser form/token/body/key/reference."",""independent_oracle"":""No reload or signin needed; same browser token authenticated, retained ref lookup works, unchanged pending form retries same key/body and server returns original receipt. Stage1 is API-only: do not require an S1 UI or substitute a synthetic form/compatibility stub. Real stage2 client must send the compatible table_id body while routed toS1. See planning/oracle-review-guidance.md point4."",""side_effect_oracle"":""Assert imported state independently; actual two-service upgrade evidence needed, mocked export/import is NOT_TESTED integration."",""status"":""NOT_TESTED""},{""id"":""Q26"",""requirements"":[""S3-06"",""S1-25"",""S2-09""],""checkpoint"":""S3 upgrade runnable"",""input_classes"":""ActualS1 andS2 exports intoS3, imported anchor adoption; signed-in browser and lost booking retry; pair retry fromS2."",""independent_oracle"":""All old sessions/refs/receipts valid and adoption succeeds; old receipts retain original shape/values while new current response includes required new fields. Exact compatibility rules for upgrading seeded historical revisions need architecture decision before oracle execution."",""side_effect_oracle"":""No retroactive new identity/reference/timestamps; preserving oldreceipt JSON does not imply omit newly required fields from current reservation response."",""status"":""NOT_TESTED""}]",None: planning only; product behavior NOT_TESTED,"Q16: Serve the actual delivered stage2 browser assets through a test routing layer against the real accepted stage1 API; use stage1-compatible table_id single-table body, sign in and lose committed response, exportS1/importS2 between requests, switch API routing toS2; retain actual browser form/token/body/key/reference. | Q26: ActualS1 andS2 exports intoS3, imported anchor adoption; signed-in browser and lost booking retry; pair retry fromS2."
S2-10,/Users/frank/mygit/Tablekeeper/challenge/tablekeeper/spec/stage-2.md,b1aa1b4affad456ff26f208a378eb2f6884153fc6ef667ab37b888fcda96c5dc,## Combined tables,@frankzhu94/factory-backend,S2-IMPL,Every normative statement in requirement_text holds; independent exact-candidate review and official isolated stage gate pass.,"Q17: Pair summed capacity6 allows party6; party7 exceeds; singles first fixture order then declared pairs order, pair member order canonical[t2,t1]. available_table_ids singles only. Both fields/duplicate/empty422 validation_failed; wrong field type follows400 malformed_request unless stated override; unknown/foreign member404; undeclared/>2 ->422 combination_not_allowed. t1+t3 not implied transitively. Responses pair omit table_id, singleton include both.",,NOT_TESTED,,20684b30-ebeb-4c24-a600-9cf274e1a7ac,,"Representative input classes and relationships only; no executable product candidate, exhaustive schedule or browser behavior observed.","## Combined tables

A party may book two tables that the restaurant has declared combinable. The booking
occupies both tables for its full duration.
Existing single-table request formats remain supported.

","[{""id"":""Q17"",""requirements"":[""S2-10"",""S2-11"",""S2-12"",""S2-13"",""S2-14""],""checkpoint"":""S2 pair API runnable"",""input_classes"":""Tables t1cap2,t2cap4,t3cap4; declared [t2,t1],[t2,t3]; party6; reversed input[t1,t2]; duplicate IDs; empty table_ids; wrong array/member JSON types; unknown/foreign member;3 IDs; undeclared[t1,t3]; both table_id/table_ids; one-member table_ids."",""independent_oracle"":""Pair summed capacity6 allows party6; party7 exceeds; singles first fixture order then declared pairs order, pair member order canonical[t2,t1]. available_table_ids singles only. Both fields/duplicate/empty422 validation_failed; wrong field type follows400 malformed_request unless stated override; unknown/foreign member404; undeclared/>2 ->422 combination_not_allowed. t1+t3 not implied transitively. Responses pair omit table_id, singleton include both."",""side_effect_oracle"":""Any member overlap blocks whole option; cancelled seeded booking does not occupy; cancellation frees every member; reversed equivalent pair semantics differ from parsed-body replay equality (reversed body under used key is409)."",""status"":""NOT_TESTED""}]",None: planning only; product behavior NOT_TESTED,"Q17: Tables t1cap2,t2cap4,t3cap4; declared [t2,t1],[t2,t3]; party6; reversed input[t1,t2]; duplicate IDs; empty table_ids; wrong array/member JSON types; unknown/foreign member;3 IDs; undeclared[t1,t3]; both table_id/table_ids; one-member table_ids."
S2-11,/Users/frank/mygit/Tablekeeper/challenge/tablekeeper/spec/stage-2.md,b1aa1b4affad456ff26f208a378eb2f6884153fc6ef667ab37b888fcda96c5dc,## Model,@frankzhu94/factory-backend,S2-IMPL,Every normative statement in requirement_text holds; independent exact-candidate review and official isolated stage gate pass.,"Q17: Pair summed capacity6 allows party6; party7 exceeds; singles first fixture order then declared pairs order, pair member order canonical[t2,t1]. available_table_ids singles only. Both fields/duplicate/empty422 validation_failed; wrong field type follows400 malformed_request unless stated override; unknown/foreign member404; undeclared/>2 ->422 combination_not_allowed. t1+t3 not implied transitively. Responses pair omit table_id, singleton include both.",,NOT_TESTED,,20684b30-ebeb-4c24-a600-9cf274e1a7ac,,"Representative input classes and relationships only; no executable product candidate, exhaustive schedule or browser behavior observed.","## Model

The restaurant fixture gains one field:

```json
{
  ""id"": ""r_anker"",
  ""combinable"": [ [""t_1"", ""t_2""], [""t_2"", ""t_3""] ],
  ...
}
```

Each entry is an unordered pair of table ids in that restaurant. **Pairs only** — never three or
more. A pair not listed cannot be combined, whatever the table sizes are. Combining is not
transitive: `[t_1,t_2]` and `[t_2,t_3]` do not make `{t_1,t_3}` bookable.

A combination's capacity is the sum of its tables' capacities.

Seeded `reservations` are `confirmed` unless they carry a `status` of `cancelled`, and may hold
either `table_id` or `table_ids`.

","[{""id"":""Q17"",""requirements"":[""S2-10"",""S2-11"",""S2-12"",""S2-13"",""S2-14""],""checkpoint"":""S2 pair API runnable"",""input_classes"":""Tables t1cap2,t2cap4,t3cap4; declared [t2,t1],[t2,t3]; party6; reversed input[t1,t2]; duplicate IDs; empty table_ids; wrong array/member JSON types; unknown/foreign member;3 IDs; undeclared[t1,t3]; both table_id/table_ids; one-member table_ids."",""independent_oracle"":""Pair summed capacity6 allows party6; party7 exceeds; singles first fixture order then declared pairs order, pair member order canonical[t2,t1]. available_table_ids singles only. Both fields/duplicate/empty422 validation_failed; wrong field type follows400 malformed_request unless stated override; unknown/foreign member404; undeclared/>2 ->422 combination_not_allowed. t1+t3 not implied transitively. Responses pair omit table_id, singleton include both."",""side_effect_oracle"":""Any member overlap blocks whole option; cancelled seeded booking does not occupy; cancellation frees every member; reversed equivalent pair semantics differ from parsed-body replay equality (reversed body under used key is409)."",""status"":""NOT_TESTED""}]",None: planning only; product behavior NOT_TESTED,"Q17: Tables t1cap2,t2cap4,t3cap4; declared [t2,t1],[t2,t3]; party6; reversed input[t1,t2]; duplicate IDs; empty table_ids; wrong array/member JSON types; unknown/foreign member;3 IDs; undeclared[t1,t3]; both table_id/table_ids; one-member table_ids."
S2-12,/Users/frank/mygit/Tablekeeper/challenge/tablekeeper/spec/stage-2.md,b1aa1b4affad456ff26f208a378eb2f6884153fc6ef667ab37b888fcda96c5dc,## API,@frankzhu94/factory-backend,S2-IMPL,Every normative statement in requirement_text holds; independent exact-candidate review and official isolated stage gate pass.,"Q17: Pair summed capacity6 allows party6; party7 exceeds; singles first fixture order then declared pairs order, pair member order canonical[t2,t1]. available_table_ids singles only. Both fields/duplicate/empty422 validation_failed; wrong field type follows400 malformed_request unless stated override; unknown/foreign member404; undeclared/>2 ->422 combination_not_allowed. t1+t3 not implied transitively. Responses pair omit table_id, singleton include both.",,NOT_TESTED,,20684b30-ebeb-4c24-a600-9cf274e1a7ac,,"Representative input classes and relationships only; no executable product candidate, exhaustive schedule or browser behavior observed.","## API

","[{""id"":""Q17"",""requirements"":[""S2-10"",""S2-11"",""S2-12"",""S2-13"",""S2-14""],""checkpoint"":""S2 pair API runnable"",""input_classes"":""Tables t1cap2,t2cap4,t3cap4; declared [t2,t1],[t2,t3]; party6; reversed input[t1,t2]; duplicate IDs; empty table_ids; wrong array/member JSON types; unknown/foreign member;3 IDs; undeclared[t1,t3]; both table_id/table_ids; one-member table_ids."",""independent_oracle"":""Pair summed capacity6 allows party6; party7 exceeds; singles first fixture order then declared pairs order, pair member order canonical[t2,t1]. available_table_ids singles only. Both fields/duplicate/empty422 validation_failed; wrong field type follows400 malformed_request unless stated override; unknown/foreign member404; undeclared/>2 ->422 combination_not_allowed. t1+t3 not implied transitively. Responses pair omit table_id, singleton include both."",""side_effect_oracle"":""Any member overlap blocks whole option; cancelled seeded booking does not occupy; cancellation frees every member; reversed equivalent pair semantics differ from parsed-body replay equality (reversed body under used key is409)."",""status"":""NOT_TESTED""}]",None: planning only; product behavior NOT_TESTED,"Q17: Tables t1cap2,t2cap4,t3cap4; declared [t2,t1],[t2,t3]; party6; reversed input[t1,t2]; duplicate IDs; empty table_ids; wrong array/member JSON types; unknown/foreign member;3 IDs; undeclared[t1,t3]; both table_id/table_ids; one-member table_ids."
S2-13,/Users/frank/mygit/Tablekeeper/challenge/tablekeeper/spec/stage-2.md,b1aa1b4affad456ff26f208a378eb2f6884153fc6ef667ab37b888fcda96c5dc,### `GET /availability`,@frankzhu94/factory-backend,S2-IMPL,Every normative statement in requirement_text holds; independent exact-candidate review and official isolated stage gate pass.,"Q17: Pair summed capacity6 allows party6; party7 exceeds; singles first fixture order then declared pairs order, pair member order canonical[t2,t1]. available_table_ids singles only. Both fields/duplicate/empty422 validation_failed; wrong field type follows400 malformed_request unless stated override; unknown/foreign member404; undeclared/>2 ->422 combination_not_allowed. t1+t3 not implied transitively. Responses pair omit table_id, singleton include both. | Q30: [from,to) adjacency free, member overlap409 table_unavailable; available_options excludes every option containing closed table during intersection. explain no_overlapfalse independentcapacity; preserved acceptedterms mean operator never adopts newestpolicy.",,NOT_TESTED,,20684b30-ebeb-4c24-a600-9cf274e1a7ac,,"Representative input classes and relationships only; no executable product candidate, exhaustive schedule or browser behavior observed.","### `GET /availability`

Slots gain `available_options`. `available_table_ids` stays exactly as it was — single tables
only.

```json
{
  ""slots"": [
    {
      ""starts_at_local"": ""2026-09-24T19:00"",
      ""starts_at"": ""2026-09-24T19:00:00+02:00"",
      ""available_table_ids"": [""t_3""],
      ""available_options"": [
        { ""table_ids"": [""t_3""], ""capacity"": 4 },
        { ""table_ids"": [""t_1"", ""t_2""], ""capacity"": 6 }
      ]
    }
  ]
}
```

`available_options` lists every single table and every declared pair with
`capacity >= party_size` and no overlapping confirmed reservation on any member. Singles first in
fixture order, then pairs in `combinable` order. `table_ids` within a pair is in `combinable`
order.

","[{""id"":""Q17"",""requirements"":[""S2-10"",""S2-11"",""S2-12"",""S2-13"",""S2-14""],""checkpoint"":""S2 pair API runnable"",""input_classes"":""Tables t1cap2,t2cap4,t3cap4; declared [t2,t1],[t2,t3]; party6; reversed input[t1,t2]; duplicate IDs; empty table_ids; wrong array/member JSON types; unknown/foreign member;3 IDs; undeclared[t1,t3]; both table_id/table_ids; one-member table_ids."",""independent_oracle"":""Pair summed capacity6 allows party6; party7 exceeds; singles first fixture order then declared pairs order, pair member order canonical[t2,t1]. available_table_ids singles only. Both fields/duplicate/empty422 validation_failed; wrong field type follows400 malformed_request unless stated override; unknown/foreign member404; undeclared/>2 ->422 combination_not_allowed. t1+t3 not implied transitively. Responses pair omit table_id, singleton include both."",""side_effect_oracle"":""Any member overlap blocks whole option; cancelled seeded booking does not occupy; cancellation frees every member; reversed equivalent pair semantics differ from parsed-body replay equality (reversed body under used key is409)."",""status"":""NOT_TESTED""},{""id"":""Q30"",""requirements"":[""S4-02"",""S3-02"",""S2-13""],""checkpoint"":""S4 closures runnable"",""input_classes"":""Create/amend single/pair exactly adjacent to closure vs overlapping; capacity fails simultaneously; explain available slot closure false no_overlap; plan application acceptedterms oldpolicy."",""independent_oracle"":""[from,to) adjacency free, member overlap409 table_unavailable; available_options excludes every option containing closed table during intersection. explain no_overlapfalse independentcapacity; preserved acceptedterms mean operator never adopts newestpolicy."",""side_effect_oracle"":""Closure durable through export/import; old booking receipt still original. Ref/start/end/party/owner never changed/cancelled; unchanged booking no history."",""status"":""NOT_TESTED""}]",None: planning only; product behavior NOT_TESTED,"Q17: Tables t1cap2,t2cap4,t3cap4; declared [t2,t1],[t2,t3]; party6; reversed input[t1,t2]; duplicate IDs; empty table_ids; wrong array/member JSON types; unknown/foreign member;3 IDs; undeclared[t1,t3]; both table_id/table_ids; one-member table_ids. | Q30: Create/amend single/pair exactly adjacent to closure vs overlapping; capacity fails simultaneously; explain available slot closure false no_overlap; plan application acceptedterms oldpolicy."
S2-14,/Users/frank/mygit/Tablekeeper/challenge/tablekeeper/spec/stage-2.md,b1aa1b4affad456ff26f208a378eb2f6884153fc6ef667ab37b888fcda96c5dc,### `POST /reservations`,@frankzhu94/factory-backend,S2-IMPL,Every normative statement in requirement_text holds; independent exact-candidate review and official isolated stage gate pass.,"Q17: Pair summed capacity6 allows party6; party7 exceeds; singles first fixture order then declared pairs order, pair member order canonical[t2,t1]. available_table_ids singles only. Both fields/duplicate/empty422 validation_failed; wrong field type follows400 malformed_request unless stated override; unknown/foreign member404; undeclared/>2 ->422 combination_not_allowed. t1+t3 not implied transitively. Responses pair omit table_id, singleton include both.",,NOT_TESTED,,20684b30-ebeb-4c24-a600-9cf274e1a7ac,,"Representative input classes and relationships only; no executable product candidate, exhaustive schedule or browser behavior observed.","### `POST /reservations`

The body takes `table_ids` instead of `table_id`:

```json
{ ""restaurant_id"": ""r_anker"", ""table_ids"": [""t_1"", ""t_2""],
  ""starts_at_local"": ""2026-09-24T19:00"", ""party_size"": 6 }
```

`table_id` is still accepted and means a set of one. Sending both is 422 `validation_failed`.

Responses always carry `table_ids`. They also carry `table_id` **when the set has exactly one
member**, and omit it otherwise.

| Case | Response |
|---|---|
| The pair is not in `combinable` | 422 `combination_not_allowed` |
| More than two tables | 422 `combination_not_allowed` |
| Any table in the set is taken for an overlapping interval | 409 `table_unavailable` |
| `party_size` exceeds the combination's summed capacity | 422 `party_exceeds_capacity` |
| Duplicate table id in the set | 422 `validation_failed` |

`PATCH /reservations/{reference}` accepts `table_ids` under the same rules. Cancelling frees every
table in the set.

","[{""id"":""Q17"",""requirements"":[""S2-10"",""S2-11"",""S2-12"",""S2-13"",""S2-14""],""checkpoint"":""S2 pair API runnable"",""input_classes"":""Tables t1cap2,t2cap4,t3cap4; declared [t2,t1],[t2,t3]; party6; reversed input[t1,t2]; duplicate IDs; empty table_ids; wrong array/member JSON types; unknown/foreign member;3 IDs; undeclared[t1,t3]; both table_id/table_ids; one-member table_ids."",""independent_oracle"":""Pair summed capacity6 allows party6; party7 exceeds; singles first fixture order then declared pairs order, pair member order canonical[t2,t1]. available_table_ids singles only. Both fields/duplicate/empty422 validation_failed; wrong field type follows400 malformed_request unless stated override; unknown/foreign member404; undeclared/>2 ->422 combination_not_allowed. t1+t3 not implied transitively. Responses pair omit table_id, singleton include both."",""side_effect_oracle"":""Any member overlap blocks whole option; cancelled seeded booking does not occupy; cancellation frees every member; reversed equivalent pair semantics differ from parsed-body replay equality (reversed body under used key is409)."",""status"":""NOT_TESTED""}]",None: planning only; product behavior NOT_TESTED,"Q17: Tables t1cap2,t2cap4,t3cap4; declared [t2,t1],[t2,t3]; party6; reversed input[t1,t2]; duplicate IDs; empty table_ids; wrong array/member JSON types; unknown/foreign member;3 IDs; undeclared[t1,t3]; both table_id/table_ids; one-member table_ids."
S2-15,/Users/frank/mygit/Tablekeeper/challenge/tablekeeper/spec/stage-2.md,b1aa1b4affad456ff26f208a378eb2f6884153fc6ef667ab37b888fcda96c5dc,## UI,@frankzhu94/factory-frontend,S2-IMPL,Every normative statement in requirement_text holds; independent exact-candidate review and official isolated stage gate pass.,Q18: Every selected table label visible; testid slot-t2+t1-HH:MM uses declaration order. Pair loss/retry same rulesQ15. Observed outcomes admit a serial order; at most one overlapping assignment per member.,,NOT_TESTED,,20684b30-ebeb-4c24-a600-9cf274e1a7ac,,"Representative input classes and relationships only; no executable product candidate, exhaustive schedule or browser behavior observed.","## UI

The availability grid gains combination cells, shown when a declared pair is available for the
searched party size:

| `data-testid` | Element |
|---|---|
| `slot-{t_a}+{t_b}-{HH:MM}` | A combination cell, e.g. `slot-t_1+t_2-19:00`. Ids in `combinable` order. Carries `data-available` like a single cell |
| `confirmation-tables` | Text contains every table label in the reservation |
| `reservation-tables` | On the lookup screen. Same |

`booking-summary` must name every table in the selection. A single-table booking's cell testid,
confirmation and lookup are unchanged.

Atomic reservation moves from stage 1 also accept `table_ids` per move. No table may
belong to overlapping resulting bookings. The existing browser recovery and original-receipt
requirements also apply to combined-table bookings.

","[{""id"":""Q18"",""requirements"":[""S2-15"",""S2-16"",""S1-26""],""checkpoint"":""S2 pair UI/concurrency runnable"",""input_classes"":""Pair select summary/confirmation/lookup; pair lost/conflict flows; concurrent t1 singleton vs[t1,t2] pair and concurrent pair/single amendments; batch swap pair members."",""independent_oracle"":""Every selected table label visible; testid slot-t2+t1-HH:MM uses declaration order. Pair loss/retry same rulesQ15. Observed outcomes admit a serial order; at most one overlapping assignment per member."",""side_effect_oracle"":""Use barrier synchronized clients and reads; no partially changed pair visible. Linearizability examples do not prove all possible schedules; mark remaining invariant class coverage."",""status"":""NOT_TESTED""}]",None: planning only; product behavior NOT_TESTED,"Q18: Pair select summary/confirmation/lookup; pair lost/conflict flows; concurrent t1 singleton vs[t1,t2] pair and concurrent pair/single amendments; batch swap pair members."
S2-16,/Users/frank/mygit/Tablekeeper/challenge/tablekeeper/spec/stage-2.md,b1aa1b4affad456ff26f208a378eb2f6884153fc6ef667ab37b888fcda96c5dc,## Concurrent bookings and amendments,@frankzhu94/factory-backend,S2-IMPL,Every normative statement in requirement_text holds; independent exact-candidate review and official isolated stage gate pass.,Q18: Every selected table label visible; testid slot-t2+t1-HH:MM uses declaration order. Pair loss/retry same rulesQ15. Observed outcomes admit a serial order; at most one overlapping assignment per member.,,NOT_TESTED,,20684b30-ebeb-4c24-a600-9cf274e1a7ac,,"Representative input classes and relationships only; no executable product candidate, exhaustive schedule or browser behavior observed.","## Concurrent bookings and amendments

Concurrent requests must produce the same results as executing them one at a time in some
order, and the requirements above hold at every read.
","[{""id"":""Q18"",""requirements"":[""S2-15"",""S2-16"",""S1-26""],""checkpoint"":""S2 pair UI/concurrency runnable"",""input_classes"":""Pair select summary/confirmation/lookup; pair lost/conflict flows; concurrent t1 singleton vs[t1,t2] pair and concurrent pair/single amendments; batch swap pair members."",""independent_oracle"":""Every selected table label visible; testid slot-t2+t1-HH:MM uses declaration order. Pair loss/retry same rulesQ15. Observed outcomes admit a serial order; at most one overlapping assignment per member."",""side_effect_oracle"":""Use barrier synchronized clients and reads; no partially changed pair visible. Linearizability examples do not prove all possible schedules; mark remaining invariant class coverage."",""status"":""NOT_TESTED""}]",None: planning only; product behavior NOT_TESTED,"Q18: Pair select summary/confirmation/lookup; pair lost/conflict flows; concurrent t1 singleton vs[t1,t2] pair and concurrent pair/single amendments; batch swap pair members."
S3-01,/Users/frank/mygit/Tablekeeper/challenge/tablekeeper/spec/stage-3.md,36b7ff5294b3992a6fa2894e9b4f2350072912fe10ed212c1f9a8828be1f9abe,"# Tablekeeper — Stage 3: booking policies, history and recurring reservations",@frankzhu94/factory-backend,S3-IMPL,Every normative statement in requirement_text holds; independent exact-candidate review and official isolated stage gate pass.,"Q19: Each table once fixture order; rules capacity then no_overlap both present, conjunction equals available and IDs; no explanation when absent (other inherited available_options remain); invalid explain422. Selected policy_version accurate.",,NOT_TESTED,,20684b30-ebeb-4c24-a600-9cf274e1a7ac,,"Representative input classes and relationships only; no executable product candidate, exhaustive schedule or browser behavior observed.","# Tablekeeper — Stage 3: booking policies, history and recurring reservations

The requirements from stages 1 and 2 continue to apply, with the additions below.
Numbered section references such as §5 and §7 refer to `stage-1.md`.

Restaurants can publish dated booking policies. Diners can see why a table is unavailable,
view their reservation history and arrange recurring bookings.

","[{""id"":""Q19"",""requirements"":[""S3-01"",""S3-02"",""S3-04""],""checkpoint"":""S3 availability explain runnable"",""input_classes"":""capacity/no_overlap truth table TT,TF,FT,FF; party equal capacity; no explain vs true vs false/1/empty; closed/all-unavailable day."",""independent_oracle"":""Each table once fixture order; rules capacity then no_overlap both present, conjunction equals available and IDs; no explanation when absent (other inherited available_options remain); invalid explain422. Selected policy_version accurate."",""side_effect_oracle"":""Construct four tables with independent capacities/seed occupancy; confirm reports both false for FF, not short-circuit omissions. Reads never change history/counters."",""status"":""NOT_TESTED""}]",None: planning only; product behavior NOT_TESTED,"Q19: capacity/no_overlap truth table TT,TF,FT,FF; party equal capacity; no explain vs true vs false/1/empty; closed/all-unavailable day."
S3-02,/Users/frank/mygit/Tablekeeper/challenge/tablekeeper/spec/stage-3.md,36b7ff5294b3992a6fa2894e9b4f2350072912fe10ed212c1f9a8828be1f9abe,## Availability explanations,@frankzhu94/factory-backend,S3-IMPL,Every normative statement in requirement_text holds; independent exact-candidate review and official isolated stage gate pass.,"Q19: Each table once fixture order; rules capacity then no_overlap both present, conjunction equals available and IDs; no explanation when absent (other inherited available_options remain); invalid explain422. Selected policy_version accurate. | Q30: [from,to) adjacency free, member overlap409 table_unavailable; available_options excludes every option containing closed table during intersection. explain no_overlapfalse independentcapacity; preserved acceptedterms mean operator never adopts newestpolicy.",,NOT_TESTED,,20684b30-ebeb-4c24-a600-9cf274e1a7ac,,"Representative input classes and relationships only; no executable product candidate, exhaustive schedule or browser behavior observed.","## Availability explanations

Whether a table is available for a slot is decided by two rules, each independent of the other:

| Rule | Holds when |
|---|---|
| `capacity` | `party_size` is at most the table's `capacity` |
| `no_overlap` | no confirmed reservation on that table overlaps the slot's interval |

A table is available exactly when both hold. `available_table_ids` is unchanged in meaning.

```http
GET /availability?restaurant_id=r_anker&date=2026-09-24&party_size=4&explain=true
```

`explain` is optional. Its only accepted value is `true`; any other value, including `false`,
`1` and the empty string, is 422 `validation_failed`. **Without it the response keeps stage
1's shape** — no explanation fields appear. Published policies can change the slot values.

With it, every slot carries one further field:

```json
{ ""starts_at_local"": ""2026-09-24T18:00"",
  ""starts_at"": ""2026-09-24T18:00:00+02:00"",
  ""available_table_ids"": [""t_2""],
  ""explain"": [
    { ""table_id"": ""t_1"", ""policy_version"": 0, ""available"": false,
      ""rules"": [ { ""rule"": ""capacity"", ""holds"": false },
                 { ""rule"": ""no_overlap"", ""holds"": true } ] },
    { ""table_id"": ""t_2"", ""policy_version"": 0, ""available"": true,
      ""rules"": [ { ""rule"": ""capacity"", ""holds"": true },
                 { ""rule"": ""no_overlap"", ""holds"": true } ] }
  ] }
```

1. **Every table of the restaurant appears exactly once**, available or not, in fixture order —
   the same order `available_table_ids` uses.
2. **Both rules are reported for every table**, in the order above. A rule that holds is
   reported holding; a table excluded by both reports both false. No rule may be omitted.
3. **`available` is true exactly when both rules hold**, and the `table_id`s whose `available`
   is true are exactly `available_table_ids`, in the same order.
4. A closed day still returns `""slots"": []`, and a slot with no available table still appears —
   now with a full `explain` for every table.

","[{""id"":""Q19"",""requirements"":[""S3-01"",""S3-02"",""S3-04""],""checkpoint"":""S3 availability explain runnable"",""input_classes"":""capacity/no_overlap truth table TT,TF,FT,FF; party equal capacity; no explain vs true vs false/1/empty; closed/all-unavailable day."",""independent_oracle"":""Each table once fixture order; rules capacity then no_overlap both present, conjunction equals available and IDs; no explanation when absent (other inherited available_options remain); invalid explain422. Selected policy_version accurate."",""side_effect_oracle"":""Construct four tables with independent capacities/seed occupancy; confirm reports both false for FF, not short-circuit omissions. Reads never change history/counters."",""status"":""NOT_TESTED""},{""id"":""Q30"",""requirements"":[""S4-02"",""S3-02"",""S2-13""],""checkpoint"":""S4 closures runnable"",""input_classes"":""Create/amend single/pair exactly adjacent to closure vs overlapping; capacity fails simultaneously; explain available slot closure false no_overlap; plan application acceptedterms oldpolicy."",""independent_oracle"":""[from,to) adjacency free, member overlap409 table_unavailable; available_options excludes every option containing closed table during intersection. explain no_overlapfalse independentcapacity; preserved acceptedterms mean operator never adopts newestpolicy."",""side_effect_oracle"":""Closure durable through export/import; old booking receipt still original. Ref/start/end/party/owner never changed/cancelled; unchanged booking no history."",""status"":""NOT_TESTED""}]",None: planning only; product behavior NOT_TESTED,"Q19: capacity/no_overlap truth table TT,TF,FT,FF; party equal capacity; no explain vs true vs false/1/empty; closed/all-unavailable day. | Q30: Create/amend single/pair exactly adjacent to closure vs overlapping; capacity fails simultaneously; explain available slot closure false no_overlap; plan application acceptedterms oldpolicy."
S3-03,/Users/frank/mygit/Tablekeeper/challenge/tablekeeper/spec/stage-3.md,36b7ff5294b3992a6fa2894e9b4f2350072912fe10ed212c1f9a8828be1f9abe,## Reservation history,@frankzhu94/factory-backend,S3-IMPL,Every normative statement in requirement_text holds; independent exact-candidate review and official isolated stage gate pass.,"Q20: Seq contiguous1..n oldest/at order; create three fields fromnull; changed only changed fields in defined order; pair transitions table_ids complete canonical lists; cancel emptychanges terminal. Noop/replay noentry; owner-only404 even no token. | Q23: Invalid revision422; valid mismatch409 stale_revision before cutoff/validation. Noop requires confirmed editable booking and keeps terms/end/revision/history; real change old cutoff then ALL resulting fields validated newpolicy, increments once. At most one real change from same expectedrevision.",,NOT_TESTED,,20684b30-ebeb-4c24-a600-9cf274e1a7ac,,"Representative input classes and relationships only; no executable product candidate, exhaustive schedule or browser behavior observed.","## Reservation history

```http
GET /reservations/{reference}/history
```

The reservation's own record, oldest first. Only its owner may read it; anyone else, signed in
or not, gets the same 404 `not_found` that §8 gives for a reservation that is not theirs. A
cancelled reservation still has its history.

The example below shows the event fields; every entry also carries `revision` and
`accepted_terms` as specified under “Policies and accepted terms”.

```json
{ ""reference"": ""ABC12345"",
  ""entries"": [
    { ""seq"": 1, ""at"": ""2026-09-17T12:00:00+02:00"", ""event"": ""created"",
      ""changes"": [ { ""field"": ""table_id"", ""from"": null, ""to"": ""t_2"" },
                   { ""field"": ""starts_at_local"", ""from"": null, ""to"": ""2026-09-24T19:00"" },
                   { ""field"": ""party_size"", ""from"": null, ""to"": 4 } ] },
    { ""seq"": 2, ""at"": ""2026-09-17T12:05:00+02:00"", ""event"": ""changed"",
      ""changes"": [ { ""field"": ""table_id"", ""from"": ""t_2"", ""to"": ""t_3"" } ] },
    { ""seq"": 3, ""at"": ""2026-09-17T12:09:00+02:00"", ""event"": ""cancelled"", ""changes"": [] } ]
}
```

1. **`seq` starts at 1 and increases by exactly 1**, so the order is total even when two writes
   land in the same second. Entries are returned in `seq` order, which is also `at` order.
2. **`created` names all three fields**, each with `""from"": null`.
3. **`changed` names only the fields that actually changed**, in the order `table_id`,
   `starts_at_local`, `party_size`. A `PATCH` that sets a field to the value it already has
   changed nothing: it still succeeds, and it records **no entry at all**.
4. **`cancelled` carries an empty `changes`**, and nothing follows it.
5. Replaying an idempotent `POST /reservations` records nothing — a replay returns the original
   response and does not re-run the operation (§7).

","[{""id"":""Q20"",""requirements"":[""S3-03"",""S3-07""],""checkpoint"":""S3 history runnable"",""input_classes"":""Creation then actual changes then noop then cancel twice; same-second writes; single->pair, reversed pair->same pair, pair->single; replay; owner/no token/other user."",""independent_oracle"":""Seq contiguous1..n oldest/at order; create three fields fromnull; changed only changed fields in defined order; pair transitions table_ids complete canonical lists; cancel emptychanges terminal. Noop/replay noentry; owner-only404 even no token."",""side_effect_oracle"":""Retain old entries terms/revisions immutable; response replay remains original; compare history lengths and state before/after rejected/noop requests."",""status"":""NOT_TESTED""},{""id"":""Q23"",""requirements"":[""S3-05"",""S3-03""],""checkpoint"":""S3 revisions runnable"",""input_classes"":""Positive expected_revision matches/differs;0/-1/1.5/true/string invalid; stale plus expired cutoff/invalid newfields; real change vs unknown-field-only/noop; cancelled no-op; concurrent real amendments same revision."",""independent_oracle"":""Invalid revision422; valid mismatch409 stale_revision before cutoff/validation. Noop requires confirmed editable booking and keeps terms/end/revision/history; real change old cutoff then ALL resulting fields validated newpolicy, increments once. At most one real change from same expectedrevision."",""side_effect_oracle"":""Failure no counters/history/terms changes; cancel revision+1 once; original receipt keeps original revision/terms. GET decision/history owner-only404 including unauthenticated and cancelled booking still accessible to owner."",""status"":""NOT_TESTED""}]",None: planning only; product behavior NOT_TESTED,"Q20: Creation then actual changes then noop then cancel twice; same-second writes; single->pair, reversed pair->same pair, pair->single; replay; owner/no token/other user. | Q23: Positive expected_revision matches/differs;0/-1/1.5/true/string invalid; stale plus expired cutoff/invalid newfields; real change vs unknown-field-only/noop; cancelled no-op; concurrent real amendments same revision."
S3-04,/Users/frank/mygit/Tablekeeper/challenge/tablekeeper/spec/stage-3.md,36b7ff5294b3992a6fa2894e9b4f2350072912fe10ed212c1f9a8828be1f9abe,## Existing screens,@frankzhu94/factory-backend,S3-IMPL,Every normative statement in requirement_text holds; independent exact-candidate review and official isolated stage gate pass.,"Q19: Each table once fixture order; rules capacity then no_overlap both present, conjunction equals available and IDs; no explanation when absent (other inherited available_options remain); invalid explain422. Selected policy_version accurate.",,NOT_TESTED,,20684b30-ebeb-4c24-a600-9cf274e1a7ac,,"Representative input classes and relationships only; no executable product candidate, exhaustive schedule or browser behavior observed.","## Existing screens

No new screens are required for explanations or history. The availability grid continues
to follow the stage-2 rules.

","[{""id"":""Q19"",""requirements"":[""S3-01"",""S3-02"",""S3-04""],""checkpoint"":""S3 availability explain runnable"",""input_classes"":""capacity/no_overlap truth table TT,TF,FT,FF; party equal capacity; no explain vs true vs false/1/empty; closed/all-unavailable day."",""independent_oracle"":""Each table once fixture order; rules capacity then no_overlap both present, conjunction equals available and IDs; no explanation when absent (other inherited available_options remain); invalid explain422. Selected policy_version accurate."",""side_effect_oracle"":""Construct four tables with independent capacities/seed occupancy; confirm reports both false for FF, not short-circuit omissions. Reads never change history/counters."",""status"":""NOT_TESTED""}]",None: planning only; product behavior NOT_TESTED,"Q19: capacity/no_overlap truth table TT,TF,FT,FF; party equal capacity; no explain vs true vs false/1/empty; closed/all-unavailable day."
S3-05,/Users/frank/mygit/Tablekeeper/challenge/tablekeeper/spec/stage-3.md,36b7ff5294b3992a6fa2894e9b4f2350072912fe10ed212c1f9a8828be1f9abe,## Policies and accepted terms,@frankzhu94/factory-backend,S3-IMPL,Every normative statement in requirement_text holds; independent exact-candidate review and official isolated stage gate pass.,"Q21: Invalid policy422 for endpoint override even type violations; no version allocated on failure/replay. manager201; nonmanager403; no token401; unknown404. Public policies publication order excludes0; original restaurant detail stays fixture. | Q22: Expected selected versions0,2,2,3,3 (date wins before version; version breaks date tie). Capacity and combination sum from selected snapshot. Entire terms exclude effective_from, include capacities/all weekdays, revision1. | Q23: Invalid revision422; valid mismatch409 stale_revision before cutoff/validation. Noop requires confirmed editable booking and keeps terms/end/revision/history; real change old cutoff then ALL resulting fields validated newpolicy, increments once. At most one real change from same expectedrevision.",,NOT_TESTED,,20684b30-ebeb-4c24-a600-9cf274e1a7ac,,"Representative input classes and relationships only; no executable product candidate, exhaustive schedule or browser behavior observed.","## Policies and accepted terms

Restaurants may now declare `manager_user_ids` in their reset fixture (default `[]`). Only
these users may publish policies. Unknown restaurant is 404;
an authenticated non-manager is 403 `forbidden`; no token is 401. This extends stage 1's
minimal permissions; managers do not gain access to other diners' private lookup/history.

`POST /restaurants/{id}/policies` requires an idempotency key, with stage 1's replay rules.
It accepts a **complete policy**, not a patch:

```json
{
  ""effective_from"": ""2026-09-28"",
  ""slot_minutes"": 30,
  ""reservation_duration_minutes"": 120,
  ""cancellation_cutoff_minutes"": 60,
  ""opening_hours"": [{""weekday"": ""mon"", ""opens"": ""18:00"", ""closes"": ""23:00""}],
  ""capacities"": {""t_1"": 2, ""t_2"": 4, ""t_3"": 6}
}
```

Returns 201 with the supplied policy plus `policy_version`, an integer starting at 1 and
increasing by one per restaurant. Failed writes and replays allocate no version. Policy 0
is the original fixture's rules and applies before any published policy. Policies are
immutable. Publication order may differ from effective-date order. For a booking's **local
start date**, choose the greatest `effective_from` not later than that date; ties choose
the greatest `policy_version`. A new same-date policy supersedes the old one for future
decisions, without changing any accepted reservation. Effective dates may be in the past;
publication never retroactively edits a booking.

All fields above are required. `effective_from` is an actual `YYYY-MM-DD` date; grid and
duration are integers 1..1440; cutoff is an integer 0..10080; booleans are not integers.
Opening hours follow stage 1 and contain no duplicate weekdays. `capacities` names **exactly**
the restaurant's table ids with integer capacities 1..100. Invalid policy is 422
`validation_failed`, with no version or state change. Table ids, labels, timezone and
declared combinations cannot be changed by a policy. Unknown fields are ignored.

`GET /restaurants/{id}/policies` is public and returns `{""policies"": [...]}` in publication
order, omitting policy 0. The ordinary restaurant detail still returns its original fixture
configuration. Availability and booking decisions use the selected policy, not that detail.
With `explain=true`, each table explanation additionally identifies its `policy_version`.

Every reservation response gains `revision` (1 at creation) and `accepted_terms`:

```json
{""policy_version"": 0, ""slot_minutes"": 30,
 ""reservation_duration_minutes"": 90, ""cancellation_cutoff_minutes"": 120,
 ""opening_hours"": [{""weekday"": ""mon"", ""opens"": ""18:00"", ""closes"": ""23:00""}],
 ""capacities"": {""t_1"": 2, ""t_2"": 4, ""t_3"": 6}}
```

These are a snapshot of the entire selected policy, excluding `effective_from`. Seeded
bookings start at revision 1 under policy 0. Responses to old idempotency keys remain the
original response, including the original revision and terms.

- A policy publication does not change existing bookings, their end times, or their history.
- Cancel checks the accepted cutoff, against the current start.
- A real diner amendment (time, tables or party size) checks the old accepted cutoff first,
  then validates **all** resulting fields against the policy applicable to the resulting start
  date. It atomically replaces accepted terms and end time and increments revision once.
- A no-op amendment retains terms, end time and revision and records no history. It still
  requires a confirmed, editable booking.
- Failed amendments change nothing. Cancel increments revision once; repeated cancel does not.
- `PATCH` optionally accepts `expected_revision`. A positive integer differing from the current
  revision gives 409 `stale_revision` before cutoff/validation; invalid type/range gives 422.
  Omission retains stage 1 semantics. Two concurrent amendments using one revision: at most one
  real change succeeds. Unrelated unknown fields remain ignored.

Each history entry additionally carries the reservation's resulting `revision` and complete
`accepted_terms`. Old entries never acquire newer terms. `GET /reservations/{reference}/decision`
returns `{""reference"": ""..."", ""revision"": 1, ""accepted_terms"": {...}}` for the current booking,
including after cancellation, with history's owner-only 404 rule. History and decision return
404 even without authentication, resolving the exception to stage 1's general 401 rule.

","[{""id"":""Q21"",""requirements"":[""S3-05""],""checkpoint"":""S3 policy publish runnable"",""input_classes"":""manager/nonmanager/unknown restaurant/no token; policy version1 then2 with backdated/out-of-order dates/ties; valid min/max grid1/1440,duration1/1440,cutoff0/10080,capacity1/100; adjacent0/1441/-1/10081/101; boolean ints; missing/extra table capacities; duplicate weekday; missing field."",""independent_oracle"":""Invalid policy422 for endpoint override even type violations; no version allocated on failure/replay. manager201; nonmanager403; no token401; unknown404. Public policies publication order excludes0; original restaurant detail stays fixture."",""side_effect_oracle"":""Publication immutable, no existing booking/history/end changes. Two successful new publications increment restaurant revision twice; failed/replayed none. Permission+field overlaps not universally ordered by spec."",""status"":""NOT_TESTED""},{""id"":""Q22"",""requirements"":[""S3-05""],""checkpoint"":""S3 policy selection runnable"",""input_classes"":""Publish v1 effective10-10 duration120/cutoff60, v2 effective10-01 duration60/cutoff30, v3 effective10-10 duration30/cutoff0; booking dates09-30/10-01/10-09/10-10/10-11."",""independent_oracle"":""Expected selected versions0,2,2,3,3 (date wins before version; version breaks date tie). Capacity and combination sum from selected snapshot. Entire terms exclude effective_from, include capacities/all weekdays, revision1."",""side_effect_oracle"":""A preexisting policy0 booking retains90min end and120 cutoff after publication. Real party-only amendment adopts newly selected policy and changes duration even same start; first old cutoff must allow edit."",""status"":""NOT_TESTED""},{""id"":""Q23"",""requirements"":[""S3-05"",""S3-03""],""checkpoint"":""S3 revisions runnable"",""input_classes"":""Positive expected_revision matches/differs;0/-1/1.5/true/string invalid; stale plus expired cutoff/invalid newfields; real change vs unknown-field-only/noop; cancelled no-op; concurrent real amendments same revision."",""independent_oracle"":""Invalid revision422; valid mismatch409 stale_revision before cutoff/validation. Noop requires confirmed editable booking and keeps terms/end/revision/history; real change old cutoff then ALL resulting fields validated newpolicy, increments once. At most one real change from same expectedrevision."",""side_effect_oracle"":""Failure no counters/history/terms changes; cancel revision+1 once; original receipt keeps original revision/terms. GET decision/history owner-only404 including unauthenticated and cancelled booking still accessible to owner."",""status"":""NOT_TESTED""}]",None: planning only; product behavior NOT_TESTED,"Q21: manager/nonmanager/unknown restaurant/no token; policy version1 then2 with backdated/out-of-order dates/ties; valid min/max grid1/1440,duration1/1440,cutoff0/10080,capacity1/100; adjacent0/1441/-1/10081/101; boolean ints; missing/extra table capacities; duplicate weekday; missing field. | Q22: Publish v1 effective10-10 duration120/cutoff60, v2 effective10-01 duration60/cutoff30, v3 effective10-10 duration30/cutoff0; booking dates09-30/10-01/10-09/10-10/10-11. | Q23: Positive expected_revision matches/differs;0/-1/1.5/true/string invalid; stale plus expired cutoff/invalid newfields; real change vs unknown-field-only/noop; cancelled no-op; concurrent real amendments same revision."
S3-06,/Users/frank/mygit/Tablekeeper/challenge/tablekeeper/spec/stage-3.md,36b7ff5294b3992a6fa2894e9b4f2350072912fe10ed212c1f9a8828be1f9abe,## Recurring reservations,@frankzhu94/factory-backend,S3-IMPL,Every normative statement in requirement_text holds; independent exact-candidate review and official isolated stage gate pass.,"Q24: count2..12/interval1..4 ints; first failing generated index gives ordinary code; gap422 invalid_local_time; all-or-none. Original local date+i*7*w handles DST/month/year calendar transition; clocks same, offsets/date policies independent. | Q25: RealPATCH permanently exceptiontrue and seriesrev+1; noops/fails none. Cancel seriesrev+1 without marking exception; anchor cancel siblings unchanged. Batch each changed reservationrev+1/history and exceptiontrue, each affected seriesrev+1 once, restaurantrev+1 once total. | Q26: All old sessions/refs/receipts valid and adoption succeeds; old receipts retain original shape/values while new current response includes required new fields. Exact compatibility rules for upgrading seeded historical revisions need architecture decision before oracle execution. | Q32: Eligible i>=from_index excluding cancelled/exception; newclock on original scheduled localdate, retain currenttables and parties. Each changed occurrence oldcutoff then datepolicy; noops terms unchanged. Failure atomic; no exceptions marked by collectiveamend.",,NOT_TESTED,,20684b30-ebeb-4c24-a600-9cf274e1a7ac,,"Representative input classes and relationships only; no executable product candidate, exhaustive schedule or browser behavior observed.","## Recurring reservations

`POST /series` adopts an existing reservation as occurrence zero of a recurring agreement.
An idempotency key is required. Body:

```json
{""anchor_reference"": ""ABC12345"", ""count"": 8, ""interval_weeks"": 1}
```

The anchor must belong to the caller, be confirmed and satisfy its accepted cancellation
cutoff. Unknown or another owner's anchor gives 404 `not_found`; cancelled gives 409
`reservation_cancelled`; already adopted gives 409 `already_in_series`. `count` is an integer
2..12 including the anchor; `interval_weeks` is an integer 1..4. Invalid values, including
booleans, give 422 `validation_failed`. No token gives 401.

Occurrence zero is the anchor itself: its reference, identity, revision, terms, history,
timestamps and original idempotent response remain unchanged. Occurrence i starts on the
anchor's local calendar date plus i × interval_weeks × 7 days, at the same local clock time.
Each generated occurrence independently selects its date's policy, including duration and
capacity, and obeys ordinary opening, DST and occupancy rules. A nonexistent local time
rejects the entire adoption with `invalid_local_time`; repeated times use stage 1's first
occurrence rule. Generated occurrences use the anchor's party size and table selection.
No partial series, reservations, histories, counters or idempotency claim survive failure.
The first failing occurrence in index order determines the ordinary booking error.

Return 201:

```json
{""series_id"": ""opaque"", ""revision"": 1, ""interval_weeks"": 1,
 ""occurrences"": [{""index"": 0, ""reference"": ""ABC12345"", ""exception"": false,
                  ""reservation"": {""..."": ""ordinary reservation response""}}]}
```

The array includes all count occurrences in index order. Each has a distinct ordinary
reservation reference; references and indices never change when dates or tables change.
Occurrences appear in ordinary reservation lists, occupy tables, and have ordinary histories.
`GET /series/{series_id}` returns this shape with current reservation states. Only the owner
may read it: another user or no token gives 404 `not_found`.

A real individual PATCH permanently marks that occurrence as `exception: true` and increments
the series revision once; a no-op or failure changes neither. Cancellation increments the
series revision once, retaining the cancelled occurrence, but does not mark it as an
exception; repeated cancel does nothing.
Cancelling the anchor does not cancel its siblings. Ordinary cutoff and revision checks still
apply. Adoption increments the restaurant revision once for the whole operation. Replays
return the original series response, even after later changes, and change no counter.
Series creation adds one idempotent write path. Unknown fields are ignored.

A stage-3 service must accept exports produced by the same team's stage-1 or stage-2
service. Adoption must work on reservations imported this way. Existing confirmation links,
sessions and original booking retries remain valid.

","[{""id"":""Q24"",""requirements"":[""S3-06""],""checkpoint"":""S3 series adoption runnable"",""input_classes"":""count1,2,12,13 and bool; interval0,1,4,5; foreign/cancelled/already-adopted anchor; later occurrence unavailable/bad policy/DST gap; valid fall repeat; anchor importedS1/S2."",""independent_oracle"":""count2..12/interval1..4 ints; first failing generated index gives ordinary code; gap422 invalid_local_time; all-or-none. Original local date+i*7*w handles DST/month/year calendar transition; clocks same, offsets/date policies independent."",""side_effect_oracle"":""Anchor identity/reference/revision/terms/history/timestamps/original receipt unchanged; no partial series/generated reservations/histories/counters/receipt on failure; success restaurantrevision+1 for entire adoption; refs distinct and indices stable."",""status"":""NOT_TESTED""},{""id"":""Q25"",""requirements"":[""S3-06"",""S3-08""],""checkpoint"":""S3 series mutation/batch runnable"",""input_classes"":""Individual realPATCH/noop/fail/cancel/repeatcancel anchor/sibling; batch changes two members same series plus other series; batch overlap failure; omitted expectedrevision vs stale; replay adoption after changes."",""independent_oracle"":""RealPATCH permanently exceptiontrue and seriesrev+1; noops/fails none. Cancel seriesrev+1 without marking exception; anchor cancel siblings unchanged. Batch each changed reservationrev+1/history and exceptiontrue, each affected seriesrev+1 once, restaurantrev+1 once total."",""side_effect_oracle"":""Failed batch/replay no revisions/history/flags; noop retains accepted terms; original series replay receipt immutable while GET returns current. Series GET unauthorized/no token404."",""status"":""NOT_TESTED""},{""id"":""Q26"",""requirements"":[""S3-06"",""S1-25"",""S2-09""],""checkpoint"":""S3 upgrade runnable"",""input_classes"":""ActualS1 andS2 exports intoS3, imported anchor adoption; signed-in browser and lost booking retry; pair retry fromS2."",""independent_oracle"":""All old sessions/refs/receipts valid and adoption succeeds; old receipts retain original shape/values while new current response includes required new fields. Exact compatibility rules for upgrading seeded historical revisions need architecture decision before oracle execution."",""side_effect_oracle"":""No retroactive new identity/reference/timestamps; preserving oldreceipt JSON does not imply omit newly required fields from current reservation response."",""status"":""NOT_TESTED""},{""id"":""Q32"",""requirements"":[""S4-03"",""S3-06""],""checkpoint"":""S4 series amend semantics runnable"",""input_classes"":""from_index interior; cancelled and exception exclusions; individually moved-date exception; seatingrepair movedtable preserved eligible; identicalclock/allnoop/emptyeligibles; realchanges encounter later gap/policyinvalid/closure; replayafterchanges."",""independent_oracle"":""Eligible i>=from_index excluding cancelled/exception; newclock on original scheduled localdate, retain currenttables and parties. Each changed occurrence oldcutoff then datepolicy; noops terms unchanged. Failure atomic; no exceptions marked by collectiveamend."",""side_effect_oracle"":""Success changed reservationrev/history+1 each, series+1 and restaurant+1 once if anythingchanged; allnoop/empty201 countersunchanged. Unchanged excluded histories/terms unaffected. Replayed200 original currentseries receipt at original success, not latestGET."",""status"":""NOT_TESTED""}]",None: planning only; product behavior NOT_TESTED,"Q24: count1,2,12,13 and bool; interval0,1,4,5; foreign/cancelled/already-adopted anchor; later occurrence unavailable/bad policy/DST gap; valid fall repeat; anchor importedS1/S2. | Q25: Individual realPATCH/noop/fail/cancel/repeatcancel anchor/sibling; batch changes two members same series plus other series; batch overlap failure; omitted expectedrevision vs stale; replay adoption after changes. | Q26: ActualS1 andS2 exports intoS3, imported anchor adoption; signed-in browser and lost booking retry; pair retry fromS2. | Q32: from_index interior; cancelled and exception exclusions; individually moved-date exception; seatingrepair movedtable preserved eligible; identicalclock/allnoop/emptyeligibles; realchanges encounter later gap/policyinvalid/closure; replayafterchanges."
S3-07,/Users/frank/mygit/Tablekeeper/challenge/tablekeeper/spec/stage-3.md,36b7ff5294b3992a6fa2894e9b4f2350072912fe10ed212c1f9a8828be1f9abe,## Combined-table history,@frankzhu94/factory-backend,S3-IMPL,Every normative statement in requirement_text holds; independent exact-candidate review and official isolated stage gate pass.,Q20: Seq contiguous1..n oldest/at order; create three fields fromnull; changed only changed fields in defined order; pair transitions table_ids complete canonical lists; cancel emptychanges terminal. Noop/replay noentry; owner-only404 even no token.,,NOT_TESTED,,20684b30-ebeb-4c24-a600-9cf274e1a7ac,,"Representative input classes and relationships only; no executable product candidate, exhaustive schedule or browser behavior observed.","## Combined-table history

Stage 3's accepted terms apply to combinations too; capacity is the sum of the **selected
policy's** capacities. In history, retain stage-3 fields for single-to-single operations.
For a creation of a pair, replace the `table_id` change by `table_ids` (from null to the pair).
For a change involving a pair, use `table_ids` (complete before/after lists) instead of
`table_id`. Table-set order is the declared combination order. A reversed input pair names
the same set and is not an amendment on its own. Policy selection, revision and replay rules
are unchanged.

","[{""id"":""Q20"",""requirements"":[""S3-03"",""S3-07""],""checkpoint"":""S3 history runnable"",""input_classes"":""Creation then actual changes then noop then cancel twice; same-second writes; single->pair, reversed pair->same pair, pair->single; replay; owner/no token/other user."",""independent_oracle"":""Seq contiguous1..n oldest/at order; create three fields fromnull; changed only changed fields in defined order; pair transitions table_ids complete canonical lists; cancel emptychanges terminal. Noop/replay noentry; owner-only404 even no token."",""side_effect_oracle"":""Retain old entries terms/revisions immutable; response replay remains original; compare history lengths and state before/after rejected/noop requests."",""status"":""NOT_TESTED""}]",None: planning only; product behavior NOT_TESTED,"Q20: Creation then actual changes then noop then cancel twice; same-second writes; single->pair, reversed pair->same pair, pair->single; replay; owner/no token/other user."
S3-08,/Users/frank/mygit/Tablekeeper/challenge/tablekeeper/spec/stage-3.md,36b7ff5294b3992a6fa2894e9b4f2350072912fe10ed212c1f9a8828be1f9abe,## Collective moves under policies and agreements,@frankzhu94/factory-backend,S3-IMPL,Every normative statement in requirement_text holds; independent exact-candidate review and official isolated stage gate pass.,"Q25: RealPATCH permanently exceptiontrue and seriesrev+1; noops/fails none. Cancel seriesrev+1 without marking exception; anchor cancel siblings unchanged. Batch each changed reservationrev+1/history and exceptiontrue, each affected seriesrev+1 once, restaurantrev+1 once total.",,NOT_TESTED,,20684b30-ebeb-4c24-a600-9cf274e1a7ac,,"Representative input classes and relationships only; no executable product candidate, exhaustive schedule or browser behavior observed.","## Collective moves under policies and agreements

Each real change in `POST /reservation-moves` uses individual PATCH semantics: check the
old accepted cutoff, then adopt the resulting date's policy. Per-move `expected_revision`
is optional and follows PATCH validation and stale-revision rules. A no-op retains its
terms and history. All resulting bookings must satisfy amendment and occupancy rules;
failure leaves every booking unchanged. Every changed booking gains one revision and
changed history entry; the restaurant revision increases once for the whole batch.
Each affected series revision increases once,
and each changed series occurrence becomes a permanent diner exception. A
failed batch or replay changes no revisions, histories or exception flags.
","[{""id"":""Q25"",""requirements"":[""S3-06"",""S3-08""],""checkpoint"":""S3 series mutation/batch runnable"",""input_classes"":""Individual realPATCH/noop/fail/cancel/repeatcancel anchor/sibling; batch changes two members same series plus other series; batch overlap failure; omitted expectedrevision vs stale; replay adoption after changes."",""independent_oracle"":""RealPATCH permanently exceptiontrue and seriesrev+1; noops/fails none. Cancel seriesrev+1 without marking exception; anchor cancel siblings unchanged. Batch each changed reservationrev+1/history and exceptiontrue, each affected seriesrev+1 once, restaurantrev+1 once total."",""side_effect_oracle"":""Failed batch/replay no revisions/history/flags; noop retains accepted terms; original series replay receipt immutable while GET returns current. Series GET unauthorized/no token404."",""status"":""NOT_TESTED""}]",None: planning only; product behavior NOT_TESTED,Q25: Individual realPATCH/noop/fail/cancel/repeatcancel anchor/sibling; batch changes two members same series plus other series; batch overlap failure; omitted expectedrevision vs stale; replay adoption after changes.
S4-01,/Users/frank/mygit/Tablekeeper/challenge/tablekeeper/spec/stage-4.md,08d02b5a432d41d71f989ccb30585b3cad0977c9c1dd11145c97fb7ddd4946c4,# Tablekeeper — Stage 4: seating changes and recurring amendments,@frankzhu94/factory-backend,S4-IMPL,Every normative statement in requirement_text holds; independent exact-candidate review and official isolated stage gate pass.,"Q27: Half-open intersection formulaQ08 determines considered set; all considered included reference order, others fixed. Invalid422, unknown404. At limits support; above limits MAY planning_limit (not must). Preview201 stores plan only; infeasible409 no_feasible_plan.",,NOT_TESTED,,20684b30-ebeb-4c24-a600-9cf274e1a7ac,,"Representative input classes and relationships only; no executable product candidate, exhaustive schedule or browser behavior observed.","# Tablekeeper — Stage 4: seating changes and recurring amendments

Extends all earlier stages, including stage-1 atomic reservation moves, stage-2 table
combinations and stage-3 policies and recurring agreements. All earlier requirements apply.

","[{""id"":""Q27"",""requirements"":[""S4-01"",""S4-02""],""checkpoint"":""S4 preview runnable"",""input_classes"":""Closure explicitoffset vs nooffset, from==to/from>to; unknown table; 6tables/4pairs/6considered vs7/5/7; booking ending exactlyfrom/starting exactlyto; confirmed vs cancelled; closed-other restaurant."",""independent_oracle"":""Half-open intersection formulaQ08 determines considered set; all considered included reference order, others fixed. Invalid422, unknown404. At limits support; above limits MAY planning_limit (not must). Preview201 stores plan only; infeasible409 no_feasible_plan."",""side_effect_oracle"":""No closure/occupancy/history/reservation/restaurantrevision changes on preview/failure. Accepted per-booking capacity, duration/times retained; operator repairs permitted despite diner cutoff."",""status"":""NOT_TESTED""}]",None: planning only; product behavior NOT_TESTED,"Q27: Closure explicitoffset vs nooffset, from==to/from>to; unknown table; 6tables/4pairs/6considered vs7/5/7; booking ending exactlyfrom/starting exactlyto; confirmed vs cancelled; closed-other restaurant."
S4-02,/Users/frank/mygit/Tablekeeper/challenge/tablekeeper/spec/stage-4.md,08d02b5a432d41d71f989ccb30585b3cad0977c9c1dd11145c97fb7ddd4946c4,## Seating changes after a table closure,@frankzhu94/factory-backend,S4-IMPL,Every normative statement in requirement_text holds; independent exact-candidate review and official isolated stage gate pass.,"Q27: Half-open intersection formulaQ08 determines considered set; all considered included reference order, others fixed. Invalid422, unknown404. At limits support; above limits MAY planning_limit (not must). Preview201 stores plan only; infeasible409 no_feasible_plan. | Q28: Independent Cartesian enumeration of options per considered booking, filter interval/member/fixed/prior/proposed closure conflicts, score lexicographic(changed_count,total_slack,rankvector sortedrefs). Up to10options^6 bounded officiallimit. Compare complete optimum/assignments not production solver. Empty set unique score(0,0,[]) plan allowed. Point8 expected scores: fixedtD starts20:30 -> four feasible, optimum(1,0,[1,4]); fixedtD starts20:00 -> one feasible, optimum(2,2,[2,1]). | Q29: Unknown/foreign plan404. Successful receipt replay resolves first:200 original even after later real writes. Applied plan with a new key returns409 plan_already_applied before staleness; unapplied plan with intervening own restaurantrevision returns409 stale_plan. Apply->newkey is already_applied; preview->realwrite->apply is stale; successful-key replay after realwrite is original200. Noop/replay/preview do not stale; otherrestaurant changes do not stale. This specific precedence prevents plan application itself from making the already_applied requirement unreachable. See planning/oracle-review-guidance.md point9. | Q30: [from,to) adjacency free, member overlap409 table_unavailable; available_options excludes every option containing closed table during intersection. explain no_overlapfalse independentcapacity; preserved acceptedterms mean operator never adopts newestpolicy. | Q33: Prior receipts/history/tokens/refs valid; repair preserves exception flags/originaldates/terms and affectedseriesrevision+1 once per application. Lateramend uses originaldates/currentselection and respects exclusions; ordinary browserlookup reflects newtables.",,NOT_TESTED,,20684b30-ebeb-4c24-a600-9cf274e1a7ac,,"Representative input classes and relationships only; no executable product candidate, exhaustive schedule or browser behavior observed.","## Seating changes after a table closure

When a table becomes unavailable, a manager can review a proposed seating arrangement
before applying it. Customers must keep their booking times, party sizes and accepted terms.
No new screens are required. Existing availability, confirmation and lookup screens must
reflect an applied plan.

`POST /restaurants/{id}/replans` requires a manager and an idempotency key. Body:

```json
{""table_id"": ""t_2"", ""from"": ""2026-09-28T18:00:00+02:00"",
 ""to"": ""2026-09-28T23:00:00+02:00""}
```

The instants have explicit offsets and `from < to`; invalid interval is 422
`validation_failed`, unknown table 404. The proposed closure is the half-open interval
`[from,to)`. Consider every confirmed booking at this restaurant overlapping that interval.
Other bookings retain their assignments.
Planning must support up to 6 tables, 4 declared pairs and 6 considered bookings; larger
inputs may return 422 `planning_limit`. Each considered booking must retain its reference,
owner, party size, start, end and accepted terms. Assign it a single or a declared pair with
enough capacity under **its own accepted terms**, without conflicts with fixed bookings,
other assignments, previously applied closures or the proposed closure. Diners' cancellation
cutoffs do not prevent an operator repair. No booking may disappear or be cancelled.

Among feasible plans minimize, in order:

1. Number of bookings whose table set changes.
2. Total unused seats across all considered bookings (capacity minus party size).
3. The vector of option ranks in ascending reservation-reference order. Singles are ranked
   first in fixture order, then pairs in declared order, starting at 0.

Returns 201:

```json
{""plan_id"": ""opaque"", ""restaurant_revision"": 4,
 ""closure"": {""table_id"": ""t_2"", ""from"": ""..."", ""to"": ""...""},
 ""assignments"": [{""reference"": ""ABC12345"", ""table_ids"": [""t_1""], ""changed"": true}],
 ""moved_count"": 1, ""unused_seats"": 0}
```

Assignments include every considered booking in reference order. A restaurant revision starts
at 0 after reset and increments once for each successful new booking, real amendment,
cancellation, policy publication or plan application. No-op writes, failures, previews and
replays do not increment it. Preview stores only a plan: no closure, occupancy, reservation
revision or history changes. No feasible plan gives 409 `no_feasible_plan`, changing nothing.

`POST /restaurants/{id}/replans/{plan_id}/apply`, body `{}`, requires a manager and an
idempotency key. Return 201 with `{""plan_id"": ""..."", ""restaurant_revision"": 5,
""reservations"": [...]}`; reservations include every considered booking in reference order.
Unknown plan or one from another restaurant is 404. Any intervening restaurant revision
invalidates the plan: 409 `stale_plan`, changing nothing. A plan already applied under a
different key gives 409 `plan_already_applied`; replay of the successful key returns the
original response with 200, even after later changes. Application is atomic.

Application records the closure and all assignments together. Each moved booking increments
its revision once and gains one `reassigned` history entry with a `table_ids` change and
`plan_id`; accepted terms and times remain identical. Unmoved bookings gain nothing. The
restaurant revision increments once for the **whole plan**. Closures thereafter exclude
singles and pairs from availability and reject creates/amendments with 409 `table_unavailable`.
In explanations, `no_overlap` is false for a closure as for a conflicting booking.

Concurrent applications must not leave partially moved bookings. A closure at another
restaurant does not invalidate this plan.

","[{""id"":""Q27"",""requirements"":[""S4-01"",""S4-02""],""checkpoint"":""S4 preview runnable"",""input_classes"":""Closure explicitoffset vs nooffset, from==to/from>to; unknown table; 6tables/4pairs/6considered vs7/5/7; booking ending exactlyfrom/starting exactlyto; confirmed vs cancelled; closed-other restaurant."",""independent_oracle"":""Half-open intersection formulaQ08 determines considered set; all considered included reference order, others fixed. Invalid422, unknown404. At limits support; above limits MAY planning_limit (not must). Preview201 stores plan only; infeasible409 no_feasible_plan."",""side_effect_oracle"":""No closure/occupancy/history/reservation/restaurantrevision changes on preview/failure. Accepted per-booking capacity, duration/times retained; operator repairs permitted despite diner cutoff."",""status"":""NOT_TESTED""},{""id"":""Q28"",""requirements"":[""S4-02""],""checkpoint"":""S4 exhaustive optimization runnable"",""input_classes"":""Controls for objective1 vs unusedseats, objective2 vs rank, objective3 ties; differing accepted capacities; pair options; fixed conflicts and prior closures; propose closed unused table with zero considered. Reproduce the each-booking accepted-capacity fixture and adjacent-vs-overlapping fixed-tail controls in planning/oracle-review-guidance.md point8."",""independent_oracle"":""Independent Cartesian enumeration of options per considered booking, filter interval/member/fixed/prior/proposed closure conflicts, score lexicographic(changed_count,total_slack,rankvector sortedrefs). Up to10options^6 bounded officiallimit. Compare complete optimum/assignments not production solver. Empty set unique score(0,0,[]) plan allowed. Point8 expected scores: fixedtD starts20:30 -> four feasible, optimum(1,0,[1,4]); fixedtD starts20:00 -> one feasible, optimum(2,2,[2,1])."",""side_effect_oracle"":""Preserve every considered ref/owner/party/start/end/terms. Re-run oracle after only external fixture change; do not import production normalization or solver."",""status"":""NOT_TESTED""},{""id"":""Q29"",""requirements"":[""S4-02""],""checkpoint"":""S4 apply runnable"",""input_classes"":""Apply validplan; otherrestaurant plan; same key replay after laterwrites; different key alreadyapplied; intervene real booking/change/cancel/policy/adoption/batch; noop/replay/preview intervenes; otherrestaurant closure; concurrent applies."",""independent_oracle"":""Unknown/foreign plan404. Successful receipt replay resolves first:200 original even after later real writes. Applied plan with a new key returns409 plan_already_applied before staleness; unapplied plan with intervening own restaurantrevision returns409 stale_plan. Apply->newkey is already_applied; preview->realwrite->apply is stale; successful-key replay after realwrite is original200. Noop/replay/preview do not stale; otherrestaurant changes do not stale. This specific precedence prevents plan application itself from making the already_applied requirement unreachable. See planning/oracle-review-guidance.md point9."",""side_effect_oracle"":""Apply atomic closure+allassignments; moved reservationrev+1 with reassigned table_ids/history plan_id, unchanged none; restaurantrev+1 total; no partial reads. Failure no state changes. API reads/UI update current assignments; stale form conflict409 as authoritative."",""status"":""NOT_TESTED""},{""id"":""Q30"",""requirements"":[""S4-02"",""S3-02"",""S2-13""],""checkpoint"":""S4 closures runnable"",""input_classes"":""Create/amend single/pair exactly adjacent to closure vs overlapping; capacity fails simultaneously; explain available slot closure false no_overlap; plan application acceptedterms oldpolicy."",""independent_oracle"":""[from,to) adjacency free, member overlap409 table_unavailable; available_options excludes every option containing closed table during intersection. explain no_overlapfalse independentcapacity; preserved acceptedterms mean operator never adopts newestpolicy."",""side_effect_oracle"":""Closure durable through export/import; old booking receipt still original. Ref/start/end/party/owner never changed/cancelled; unchanged booking no history."",""status"":""NOT_TESTED""},{""id"":""Q33"",""requirements"":[""S4-03"",""S4-02"",""S1-25""],""checkpoint"":""S4 upgrade and repair series runnable"",""input_classes"":""ActualS1/S2/S3 exports intoS4; importedseries with individually moved/exception,cancelled and operator-reassigned occurrences; applyplan affects2members same series; subsequent amendment."",""independent_oracle"":""Prior receipts/history/tokens/refs valid; repair preserves exception flags/originaldates/terms and affectedseriesrevision+1 once per application. Lateramend uses originaldates/currentselection and respects exclusions; ordinary browserlookup reflects newtables."",""side_effect_oracle"":""Run each sourceversion independently, replacement destination must be clean; mocked migration or empty series cannot close upgrade classes."",""status"":""NOT_TESTED""}]",None: planning only; product behavior NOT_TESTED,"Q27: Closure explicitoffset vs nooffset, from==to/from>to; unknown table; 6tables/4pairs/6considered vs7/5/7; booking ending exactlyfrom/starting exactlyto; confirmed vs cancelled; closed-other restaurant. | Q28: Controls for objective1 vs unusedseats, objective2 vs rank, objective3 ties; differing accepted capacities; pair options; fixed conflicts and prior closures; propose closed unused table with zero considered. Reproduce the each-booking accepted-capacity fixture and adjacent-vs-overlapping fixed-tail controls in planning/oracle-review-guidance.md point8. | Q29: Apply validplan; otherrestaurant plan; same key replay after laterwrites; different key alreadyapplied; intervene real booking/change/cancel/policy/adoption/batch; noop/replay/preview intervenes; otherrestaurant closure; concurrent applies. | Q30: Create/amend single/pair exactly adjacent to closure vs overlapping; capacity fails simultaneously; explain available slot closure false no_overlap; plan application acceptedterms oldpolicy. | Q33: ActualS1/S2/S3 exports intoS4; importedseries with individually moved/exception,cancelled and operator-reassigned occurrences; applyplan affects2members same series; subsequent amendment."
S4-03,/Users/frank/mygit/Tablekeeper/challenge/tablekeeper/spec/stage-4.md,08d02b5a432d41d71f989ccb30585b3cad0977c9c1dd11145c97fb7ddd4946c4,## Amend recurring reservations,@frankzhu94/factory-backend,S4-IMPL,Every normative statement in requirement_text holds; independent exact-candidate review and official isolated stage gate pass.,"Q31: All invalidinput422 endpointoverride; mismatch409 stale_revision before occurrence cutoff/bookingvalidation; no token401, nonowner404. Cutoff/nonoccupancy first eligible index; only then occupancy conflicts; independent status oracle from requirement. | Q32: Eligible i>=from_index excluding cancelled/exception; newclock on original scheduled localdate, retain currenttables and parties. Each changed occurrence oldcutoff then datepolicy; noops terms unchanged. Failure atomic; no exceptions marked by collectiveamend. | Q33: Prior receipts/history/tokens/refs valid; repair preserves exception flags/originaldates/terms and affectedseriesrevision+1 once per application. Lateramend uses originaldates/currentselection and respects exclusions; ordinary browserlookup reflects newtables.",,NOT_TESTED,,20684b30-ebeb-4c24-a600-9cf274e1a7ac,,"Representative input classes and relationships only; no executable product candidate, exhaustive schedule or browser behavior observed.","## Amend recurring reservations

`POST /series/{series_id}/amend` is an owner-only idempotent write. Unknown or another owner's
series is 404; no token is 401. Body:

```json
{""expected_revision"": 3, ""from_index"": 2, ""local_time"": ""20:00""}
```

Revision must be a positive integer; from_index an integer in 0..count-1; local_time exactly
HH:MM in 00:00..23:59. Booleans are invalid integers. Invalid input gives 422
`validation_failed`; a mismatched series revision gives 409 `stale_revision` before any
occurrence's cutoff or booking validation. Unknown fields are ignored.

Consider indices at or after from_index, excluding cancelled occurrences and those marked
exception. Change their clock time on their original scheduled local dates, retaining each
reference, owner, party size and current table selection. A change with identical
resulting fields is a no-op and retains its terms. Each real change checks its old accepted
cutoff, then adopts the policy for its resulting start date, just like an individual PATCH.

The resulting occurrences must not conflict with unchanged occurrences, other bookings
or applied closures. On failure, histories, idempotency records and all revisions remain
unchanged. Non-occupancy errors take precedence in occurrence-index order; otherwise an
occupancy conflict returns `table_unavailable`.

On success return 201 with the current series response. Each changed occurrence gains one
ordinary changed history entry and one reservation revision. The series and restaurant
revisions each increase once for the entire operation if anything changed. Series amendments
do not mark exceptions. All-no-op or empty eligible sets succeed without changing revisions.
Replay returns the original response with 200 even after further edits or cancellations.

Seating repairs may move series occurrences. They preserve their exception flags, scheduled
dates, identities and accepted terms. Each affected series revision increases once per plan
application if at least one member moved.
Concurrent amendments from the same expected revision may not both make a real change.

A stage-4 service must accept exports produced by the same team's stages 1–3. These
operations must support imported series, including moved and cancelled occurrences.
Earlier booking and series receipts, histories and retries remain valid.
","[{""id"":""Q31"",""requirements"":[""S4-03""],""checkpoint"":""S4 series amend validation runnable"",""input_classes"":""expectedrevision1 vs0/bool/mismatch; from_index0,count-1,-1,count; local_time00:00/23:59 vs24:00/9:00/seconds/offset; own/foreign/unknown/no token; stale plus cutoff and occupancy."",""independent_oracle"":""All invalidinput422 endpointoverride; mismatch409 stale_revision before occurrence cutoff/bookingvalidation; no token401, nonowner404. Cutoff/nonoccupancy first eligible index; only then occupancy conflicts; independent status oracle from requirement."",""side_effect_oracle"":""Rejected amendment histories/receipts/reservation/series/restaurantrevisions unchanged; failed key reusable; competing real amendments same expectedrevision at mostone succeeds."",""status"":""NOT_TESTED""},{""id"":""Q32"",""requirements"":[""S4-03"",""S3-06""],""checkpoint"":""S4 series amend semantics runnable"",""input_classes"":""from_index interior; cancelled and exception exclusions; individually moved-date exception; seatingrepair movedtable preserved eligible; identicalclock/allnoop/emptyeligibles; realchanges encounter later gap/policyinvalid/closure; replayafterchanges."",""independent_oracle"":""Eligible i>=from_index excluding cancelled/exception; newclock on original scheduled localdate, retain currenttables and parties. Each changed occurrence oldcutoff then datepolicy; noops terms unchanged. Failure atomic; no exceptions marked by collectiveamend."",""side_effect_oracle"":""Success changed reservationrev/history+1 each, series+1 and restaurant+1 once if anythingchanged; allnoop/empty201 countersunchanged. Unchanged excluded histories/terms unaffected. Replayed200 original currentseries receipt at original success, not latestGET."",""status"":""NOT_TESTED""},{""id"":""Q33"",""requirements"":[""S4-03"",""S4-02"",""S1-25""],""checkpoint"":""S4 upgrade and repair series runnable"",""input_classes"":""ActualS1/S2/S3 exports intoS4; importedseries with individually moved/exception,cancelled and operator-reassigned occurrences; applyplan affects2members same series; subsequent amendment."",""independent_oracle"":""Prior receipts/history/tokens/refs valid; repair preserves exception flags/originaldates/terms and affectedseriesrevision+1 once per application. Lateramend uses originaldates/currentselection and respects exclusions; ordinary browserlookup reflects newtables."",""side_effect_oracle"":""Run each sourceversion independently, replacement destination must be clean; mocked migration or empty series cannot close upgrade classes."",""status"":""NOT_TESTED""}]",None: planning only; product behavior NOT_TESTED,"Q31: expectedrevision1 vs0/bool/mismatch; from_index0,count-1,-1,count; local_time00:00/23:59 vs24:00/9:00/seconds/offset; own/foreign/unknown/no token; stale plus cutoff and occupancy. | Q32: from_index interior; cancelled and exception exclusions; individually moved-date exception; seatingrepair movedtable preserved eligible; identicalclock/allnoop/emptyeligibles; realchanges encounter later gap/policyinvalid/closure; replayafterchanges. | Q33: ActualS1/S2/S3 exports intoS4; importedseries with individually moved/exception,cancelled and operator-reassigned occurrences; applyplan affects2members same series; subsequent amendment."
